room_id,hotel_id,room_type_id,room_number,floor,status
1,1,3,900,9,available
2,1,2,201,2,available
3,1,1,602,6,occupied
4,1,3,1003,10,available
5,1,1,1104,11,available
6,1,3,805,8,available
7,1,3,1006,10,available
8,1,1,107,1,available
9,1,2,908,9,available
10,1,2,209,2,available
11,1,3,210,2,available
12,1,3,711,7,occupied
13,1,1,1012,10,available
14,1,1,913,9,available
15,1,1,614,6,available
16,1,3,515,5,available
17,1,2,1216,12,available
18,1,1,1217,12,occupied
19,1,2,618,6,occupied
20,1,2,1219,12,occupied
21,1,1,600,6,available
22,1,2,601,6,available
23,1,3,1202,12,available
24,1,3,1203,12,occupied
25,1,1,204,2,available
26,1,2,705,7,occupied
27,1,1,906,9,available
28,1,3,607,6,available
29,1,2,108,1,maintenance
30,1,2,909,9,available
31,1,3,610,6,available
32,1,3,211,2,available
33,1,3,212,2,available
34,1,3,213,2,available
35,1,2,1014,10,available
36,1,1,215,2,occupied
37,1,2,516,5,available
38,1,3,317,3,available
39,1,1,318,3,available
40,1,2,819,8,available
41,1,3,1200,12,occupied
42,1,2,101,1,available
43,1,2,102,1,available
44,2,4,100,1,available
45,2,7,301,3,available
46,2,5,1002,10,available
47,2,6,903,9,available
48,2,5,1004,10,occupied
49,2,5,405,4,occupied
50,2,5,506,5,available
51,2,4,907,9,available
52,2,4,308,3,available
53,2,4,609,6,occupied
54,2,5,1110,11,available
55,2,6,311,3,available
56,2,6,412,4,occupied
57,2,5,613,6,available
58,2,7,214,2,occupied
59,2,7,115,1,available
60,2,5,716,7,available
61,2,7,717,7,available
62,2,7,1018,10,occupied
63,2,4,319,3,available
64,2,4,300,3,occupied
65,2,4,801,8,occupied
66,2,6,1202,12,maintenance
67,2,7,403,4,available
68,2,4,904,9,available
69,2,6,905,9,available
70,2,7,106,1,available
71,2,7,707,7,maintenance
72,2,4,608,6,available
73,2,6,209,2,available
74,2,6,410,4,maintenance
75,2,4,1111,11,available
76,2,7,812,8,available
77,2,6,1213,12,available
78,2,6,114,1,available
79,2,5,315,3,available
80,2,5,916,9,available
81,2,7,117,1,available
82,2,5,1218,12,available
83,2,6,1019,10,available
84,2,5,700,7,available
85,2,5,1201,12,occupied
86,2,5,602,6,occupied
87,2,4,303,3,available
88,2,5,504,5,available
89,2,6,505,5,available
90,2,4,106,1,available
91,2,7,107,1,occupied
92,2,5,708,7,available
93,2,7,1009,10,occupied
94,2,5,310,3,available
95,2,6,411,4,available
96,2,4,212,2,maintenance
97,2,7,713,7,occupied
98,3,11,300,3,occupied
99,3,8,501,5,available
100,3,10,302,3,available
101,3,12,603,6,maintenance
102,3,8,804,8,available
103,3,12,405,4,available
104,3,12,306,3,occupied
105,3,9,407,4,available
106,3,8,1208,12,available
107,3,12,209,2,available
108,3,10,310,3,occupied
109,3,10,611,6,occupied
110,3,11,1112,11,available
111,3,12,1013,10,maintenance
112,3,10,314,3,available
113,3,10,1115,11,available
114,3,8,1216,12,occupied
115,3,11,1117,11,available
116,3,9,318,3,available
117,3,8,419,4,available
118,3,10,100,1,available
119,3,11,601,6,available
120,3,12,702,7,available
121,3,9,803,8,available
122,3,12,804,8,available
123,3,10,1105,11,occupied
124,3,10,606,6,maintenance
125,3,9,507,5,available
126,3,11,908,9,available
127,3,8,1109,11,occupied
128,3,12,510,5,available
129,3,10,711,7,available
130,3,12,312,3,available
131,3,11,213,2,available
132,3,10,314,3,occupied
133,3,10,815,8,available
134,3,8,916,9,available
135,3,12,417,4,available
136,3,9,118,1,available
137,3,10,919,9,available
138,3,9,1000,10,occupied
139,3,12,101,1,occupied
140,3,10,902,9,available
141,3,12,303,3,available
142,3,8,1104,11,available
143,3,12,405,4,occupied
144,3,9,906,9,occupied
145,3,12,707,7,occupied
146,3,10,108,1,maintenance
147,3,11,509,5,available
148,3,12,710,7,occupied
149,3,11,611,6,available
150,3,10,112,1,available
151,3,12,1113,11,available
152,3,12,1014,10,maintenance
153,3,8,715,7,available
154,3,11,316,3,occupied
155,3,9,717,7,occupied
156,3,11,718,7,available
157,3,9,619,6,available
158,3,10,300,3,occupied
159,3,8,1201,12,occupied
160,3,9,402,4,available
161,3,10,603,6,available
162,4,17,500,5,available
163,4,17,801,8,available
164,4,16,502,5,occupied
165,4,17,1203,12,available
166,4,14,204,2,occupied
167,4,15,505,5,occupied
168,4,13,706,7,occupied
169,4,15,207,2,available
170,4,16,1008,10,available
171,4,16,509,5,available
172,4,13,210,2,maintenance
173,4,17,1011,10,occupied
174,4,14,1112,11,available
175,4,16,713,7,available
176,4,13,514,5,occupied
177,4,15,515,5,available
178,4,15,716,7,available
179,4,15,617,6,available
180,4,13,1218,12,occupied
181,4,14,1019,10,available
182,4,17,700,7,available
183,4,13,1201,12,available
184,4,17,1002,10,available
185,4,17,1103,11,available
186,4,17,204,2,available
187,4,13,1005,10,available
188,4,14,606,6,available
189,4,17,707,7,occupied
190,4,13,608,6,available
191,4,16,809,8,available
192,4,17,110,1,occupied
193,4,16,1111,11,occupied
194,4,14,1012,10,available
195,4,15,213,2,available
196,4,16,114,1,occupied
197,4,15,615,6,occupied
198,4,15,616,6,maintenance
199,5,19,800,8,occupied
200,5,19,801,8,available
201,5,20,502,5,occupied
202,5,18,403,4,available
203,5,20,1104,11,available
204,5,19,605,6,occupied
205,5,18,806,8,occupied
206,5,19,607,6,available
207,5,20,408,4,available
208,5,19,209,2,occupied
209,5,18,1110,11,available
210,5,20,811,8,available
211,5,19,412,4,available
212,5,20,813,8,available
213,5,19,614,6,occupied
214,5,18,615,6,available
215,5,18,1016,10,available
216,5,20,1217,12,available
217,5,19,918,9,available
218,5,19,1019,10,available
219,5,18,200,2,available
220,5,20,1101,11,available
221,5,19,302,3,occupied
222,5,20,603,6,available
223,5,19,204,2,occupied
224,5,20,505,5,available
225,5,18,606,6,maintenance
226,5,19,107,1,available
227,5,18,1108,11,maintenance
228,5,18,809,8,available
229,5,20,410,4,available
230,5,18,811,8,available
231,5,18,312,3,available
232,5,18,113,1,occupied
233,5,19,814,8,available
234,5,20,1015,10,available
235,5,18,916,9,available
236,5,20,1017,10,occupied
237,5,19,1218,12,available
238,5,19,519,5,available
239,5,19,400,4,available
240,5,19,201,2,maintenance
241,5,18,602,6,occupied
242,5,20,403,4,occupied
243,5,20,304,3,available
244,6,24,900,9,available
245,6,22,1201,12,available
246,6,22,802,8,available
247,6,21,803,8,available
248,6,24,1004,10,available
249,6,22,105,1,available
250,6,21,606,6,available
251,6,22,207,2,available
252,6,21,1208,12,available
253,6,23,1209,12,available
254,6,24,710,7,occupied
255,6,22,711,7,available
256,6,24,512,5,available
257,6,23,613,6,available
258,6,24,314,3,occupied
259,6,23,115,1,maintenance
260,6,21,1216,12,occupied
261,6,21,217,2,available
262,6,24,1218,12,available
263,6,22,419,4,maintenance
264,6,22,300,3,available
265,6,24,1201,12,available
266,6,21,202,2,occupied
267,6,24,703,7,available
268,6,24,304,3,occupied
269,6,22,205,2,available
270,6,22,1206,12,available
271,6,23,807,8,available
272,6,23,708,7,available
273,6,23,1109,11,available
274,6,23,810,8,occupied
275,6,23,111,1,occupied
276,6,21,912,9,available
277,6,23,213,2,available
278,6,21,114,1,available
279,6,23,115,1,occupied
280,6,23,216,2,maintenance
281,6,22,1117,11,available
282,6,22,918,9,available
283,6,23,219,2,occupied
284,6,22,1000,10,available
285,6,22,801,8,occupied
286,6,22,902,9,available
287,6,24,103,1,available
288,6,21,504,5,occupied
289,6,21,605,6,available
290,6,22,206,2,available
291,6,22,1007,10,occupied
292,6,24,1108,11,available
293,6,24,809,8,occupied
294,6,21,610,6,available
295,6,22,411,4,maintenance
296,6,24,412,4,occupied
297,6,21,613,6,available
298,6,24,1114,11,occupied
299,6,21,915,9,available
300,6,23,916,9,available
301,6,24,917,9,available
302,6,23,618,6,available
303,6,22,519,5,occupied
304,6,24,700,7,available
305,6,21,801,8,available
306,7,26,900,9,available
307,7,26,501,5,available
308,7,26,1102,11,available
309,7,27,103,1,available
310,7,25,504,5,occupied
311,7,27,1005,10,available
312,7,27,606,6,occupied
313,7,27,107,1,available
314,7,26,708,7,available
315,7,27,109,1,occupied
316,7,27,710,7,occupied
317,7,27,311,3,available
318,7,27,1212,12,available
319,7,25,213,2,available
320,7,25,414,4,occupied
321,7,25,1215,12,available
322,7,25,1016,10,available
323,7,25,117,1,occupied
324,7,25,1218,12,available
325,7,26,119,1,occupied
326,7,27,600,6,maintenance
327,7,26,401,4,available
328,7,26,102,1,available
329,7,27,403,4,available
330,7,26,704,7,available
331,7,27,1105,11,available
332,7,27,1206,12,occupied
333,7,26,1207,12,available
334,7,26,708,7,available
335,7,25,809,8,available
336,7,25,1110,11,available
337,7,25,1211,12,occupied
338,7,25,1112,11,available
339,7,25,1113,11,available
340,7,25,814,8,available
341,7,27,615,6,available
342,8,30,1200,12,occupied
343,8,29,501,5,available
344,8,29,1002,10,available
345,8,28,703,7,occupied
346,8,28,204,2,available
347,8,29,405,4,available
348,8,28,806,8,available
349,8,28,407,4,available
350,8,29,308,3,available
351,8,30,209,2,available
352,8,30,610,6,available
353,8,28,811,8,available
354,8,28,1112,11,occupied
355,8,28,413,4,occupied
356,8,28,1014,10,available
357,8,28,615,6,occupied
358,8,29,316,3,available
359,8,28,1117,11,available
360,8,29,318,3,occupied
361,8,30,219,2,available
362,8,30,400,4,available
363,8,30,801,8,available
364,8,29,202,2,occupied
365,8,30,903,9,available
366,8,28,304,3,available
367,8,29,105,1,available
368,8,28,706,7,available
369,8,28,1007,10,occupied
370,8,30,608,6,available
371,8,28,209,2,available
372,8,28,710,7,available
373,8,28,711,7,occupied
374,8,28,412,4,occupied
375,8,28,1013,10,available
376,8,28,1114,11,occupied
377,8,29,1015,10,available
378,8,29,1116,11,available
379,8,29,1217,12,available
380,8,29,1018,10,available
381,8,30,819,8,available
382,8,28,800,8,available
383,8,29,401,4,available
384,8,30,1202,12,available
385,8,29,503,5,occupied
386,8,29,1204,12,available
387,8,29,305,3,available
388,9,32,700,7,available
389,9,33,401,4,occupied
390,9,34,702,7,available
391,9,34,803,8,maintenance
392,9,34,604,6,available
393,9,34,305,3,occupied
394,9,32,406,4,available
395,9,32,1007,10,available
396,9,33,808,8,available
397,9,34,609,6,available
398,9,32,710,7,available
399,9,31,911,9,available
400,9,33,1012,10,available
401,9,32,413,4,available
402,9,32,1114,11,available
403,9,34,315,3,occupied
404,9,31,1216,12,available
405,9,32,517,5,maintenance
406,9,32,1118,11,available
407,9,32,319,3,available
408,9,34,400,4,occupied
409,9,32,801,8,available
410,9,31,1102,11,available
411,9,31,203,2,available
412,9,31,604,6,occupied
413,9,33,605,6,available
414,9,32,406,4,available
415,9,31,607,6,available
416,9,33,1008,10,occupied
417,9,34,809,8,available
418,9,32,510,5,available
419,9,32,311,3,available
420,9,31,912,9,occupied
421,9,34,313,3,available
422,9,34,1214,12,maintenance
423,9,32,215,2,available
424,9,32,816,8,available
425,9,31,317,3,occupied
426,9,34,718,7,available
427,9,31,1019,10,available
428,9,33,800,8,available
429,9,32,801,8,occupied
430,9,34,1102,11,available
431,9,33,203,2,occupied
432,9,31,304,3,available
433,9,33,1105,11,available
434,9,32,206,2,maintenance
435,9,32,1107,11,available
436,9,31,608,6,available
437,9,34,109,1,available
438,9,34,310,3,available
439,9,33,411,4,available
440,9,31,812,8,available
441,9,32,113,1,available
442,9,33,514,5,available
443,9,34,615,6,available
444,10,35,600,6,available
445,10,36,1001,10,available
446,10,35,502,5,available
447,10,38,703,7,available
448,10,37,1204,12,available
449,10,37,905,9,occupied
450,10,38,706,7,occupied
451,10,36,607,6,occupied
452,10,36,808,8,available
453,10,35,809,8,occupied
454,10,35,1110,11,occupied
455,10,35,111,1,occupied
456,10,35,412,4,available
457,10,37,213,2,available
458,10,36,214,2,occupied
459,10,35,1215,12,available
460,10,37,1016,10,available
461,10,38,1117,11,occupied
462,10,35,1018,10,available
463,10,36,419,4,occupied
464,10,35,300,3,available
465,10,35,101,1,available
466,10,36,402,4,available
467,10,35,703,7,available
468,10,36,804,8,occupied
469,10,38,1005,10,occupied
470,10,38,506,5,occupied
471,10,35,807,8,available
472,10,35,208,2,available
473,10,36,509,5,available
474,10,36,1210,12,available
475,10,35,411,4,available
476,10,37,412,4,available
477,10,37,1013,10,available
478,10,37,414,4,available
479,10,37,1215,12,available
480,10,35,1116,11,occupied
481,10,37,517,5,occupied
482,10,35,118,1,available
483,10,37,1219,12,available
484,10,38,200,2,available
485,10,38,101,1,maintenance
486,10,35,602,6,available
487,10,37,1203,12,available
488,10,35,1004,10,available
489,10,37,805,8,available
490,10,38,606,6,available
491,10,38,607,6,available
492,10,36,408,4,available
493,10,35,1209,12,available
494,10,38,810,8,available
495,10,38,811,8,occupied
496,10,38,812,8,available
497,10,38,713,7,occupied
498,10,36,614,6,available
499,10,36,715,7,available
500,10,38,1116,11,occupied
501,10,36,1017,10,occupied
502,10,36,218,2,available
503,11,40,500,5,available
504,11,39,801,8,available
505,11,41,902,9,available
506,11,40,803,8,available
507,11,42,704,7,available
508,11,40,805,8,maintenance
509,11,39,606,6,maintenance
510,11,39,607,6,occupied
511,11,43,508,5,available
512,11,43,809,8,occupied
513,11,42,810,8,available
514,11,41,1111,11,available
515,11,41,1112,11,available
516,11,43,213,2,available
517,11,43,514,5,available
518,11,41,1215,12,occupied
519,11,41,1016,10,maintenance
520,11,39,117,1,available
521,11,42,418,4,available
522,11,41,1219,12,available
523,11,41,1100,11,occupied
524,11,42,501,5,available
525,11,43,602,6,available
526,11,40,603,6,occupied
527,11,43,404,4,occupied
528,11,43,405,4,occupied
529,11,40,806,8,available
530,11,39,607,6,available
531,11,39,708,7,occupied
532,11,43,609,6,available
533,11,42,810,8,available
534,11,41,211,2,available
535,11,40,512,5,occupied
536,11,41,113,1,available
537,11,40,1114,11,available
538,11,41,1015,10,available
539,11,40,516,5,maintenance
540,11,42,617,6,available
541,11,43,418,4,occupied
542,11,40,1019,10,available
543,11,41,1200,12,available
544,11,40,901,9,occupied
545,11,41,402,4,occupied
546,11,42,1203,12,occupied
547,11,39,504,5,available
548,11,40,505,5,available
549,11,42,206,2,available
550,11,40,807,8,available
551,11,43,308,3,available
552,11,41,209,2,occupied
553,11,42,510,5,available
554,11,43,811,8,available
555,11,43,312,3,available
556,11,39,213,2,available
557,11,41,914,9,available
558,11,40,615,6,occupied
559,11,42,916,9,available
560,11,42,1117,11,available
561,11,40,618,6,available
562,11,39,1119,11,available
563,12,44,900,9,available
564,12,45,801,8,available
565,12,44,302,3,available
566,12,45,1203,12,available
567,12,46,604,6,available
568,12,47,605,6,occupied
569,12,47,706,7,available
570,12,47,1107,11,occupied
571,12,45,908,9,occupied
572,12,45,809,8,available
573,12,46,410,4,available
574,12,44,111,1,available
575,12,45,812,8,available
576,12,45,413,4,occupied
577,12,45,914,9,available
578,12,47,1115,11,available
579,12,44,916,9,occupied
580,12,47,117,1,available
581,12,47,918,9,available
582,12,45,1019,10,available
583,12,45,1000,10,available
584,12,46,1201,12,available
585,12,46,902,9,occupied
586,12,45,703,7,available
587,12,44,1104,11,occupied
588,12,46,505,5,available
589,12,47,306,3,occupied
590,12,46,607,6,available
591,12,46,708,7,available
592,12,46,809,8,available
593,12,47,410,4,available
594,12,44,711,7,occupied
595,12,45,412,4,occupied
596,12,46,1213,12,available
597,12,46,614,6,available
598,12,45,1015,10,occupied
599,12,46,416,4,available
600,12,46,117,1,available
601,12,45,618,6,available
602,12,47,1219,12,available
603,12,47,1000,10,occupied
604,12,47,801,8,available
605,12,46,1102,11,occupied
606,12,45,203,2,available
607,12,44,104,1,available
608,12,44,505,5,occupied
609,12,46,806,8,available
610,12,45,207,2,available
611,12,45,1108,11,available
612,12,47,1209,12,occupied
613,12,44,510,5,available
614,12,44,511,5,occupied
615,12,44,512,5,available
616,12,47,413,4,available
617,12,44,814,8,available
618,12,44,215,2,occupied
619,12,47,1016,10,available
620,12,46,517,5,available
621,12,47,218,2,occupied
622,12,45,419,4,available
623,12,47,100,1,available
624,12,47,801,8,available
625,12,44,1002,10,occupied
626,12,44,503,5,occupied
627,12,47,404,4,occupied
628,12,44,1105,11,available
629,13,49,1200,12,available
630,13,48,1101,11,available
631,13,51,902,9,maintenance
632,13,51,403,4,occupied
633,13,48,504,5,available
634,13,50,805,8,occupied
635,13,49,606,6,available
636,13,50,1207,12,available
637,13,49,608,6,occupied
638,13,50,709,7,available
639,13,51,610,6,available
640,13,50,511,5,available
641,13,51,1112,11,available
642,13,50,713,7,available
643,13,50,314,3,available
644,13,50,1115,11,available
645,13,49,116,1,available
646,13,49,1017,10,available
647,13,49,1018,10,available
648,13,49,1219,12,available
649,13,51,200,2,maintenance
650,13,48,901,9,available
651,13,48,502,5,occupied
652,13,49,1203,12,available
653,13,50,804,8,available
654,13,50,905,9,occupied
655,13,51,406,4,available
656,13,51,1207,12,occupied
657,13,48,408,4,available
658,13,51,309,3,occupied
659,13,49,1210,12,available
660,13,48,811,8,available
661,13,48,1212,12,maintenance
662,13,49,713,7,available
663,13,49,914,9,available
664,13,49,115,1,available
665,13,50,216,2,available
666,13,48,217,2,available
667,13,48,718,7,occupied
668,13,51,119,1,available
669,13,50,600,6,available
670,13,49,501,5,available
671,14,55,1100,11,available
672,14,52,1101,11,available
673,14,52,802,8,available
674,14,52,503,5,occupied
675,14,55,904,9,occupied
676,14,55,1205,12,available
677,14,54,1106,11,available
678,14,52,707,7,available
679,14,55,208,2,available
680,14,52,209,2,available
681,14,52,810,8,available
682,14,54,411,4,available
683,14,55,112,1,available
684,14,55,413,4,available
685,14,52,114,1,available
686,14,52,915,9,available
687,14,53,816,8,available
688,14,55,917,9,available
689,14,52,518,5,available
690,14,55,319,3,occupied
691,14,54,300,3,available
692,14,54,701,7,available
693,14,53,202,2,available
694,14,55,403,4,available
695,14,53,704,7,available
696,14,53,405,4,available
697,14,55,406,4,occupied
698,14,52,207,2,available
699,14,53,1208,12,maintenance
700,14,52,809,8,available
701,14,55,110,1,occupied
702,14,54,1111,11,available
703,14,55,812,8,available
704,14,55,913,9,occupied
705,14,52,214,2,available
706,14,54,815,8,available
707,14,53,316,3,available
708,14,53,217,2,available
709,14,53,818,8,available
710,14,54,919,9,available
711,14,52,1100,11,available
712,14,55,201,2,available
713,14,53,402,4,available
714,14,53,1203,12,occupied
715,14,52,604,6,available
716,14,52,205,2,available
717,14,54,1006,10,available
718,14,54,307,3,available
719,14,53,808,8,occupied
720,14,53,1109,11,available
721,14,55,410,4,available
722,14,55,911,9,available
723,14,52,312,3,available
724,14,53,213,2,available
725,14,52,1014,10,available
726,14,55,1115,11,available
727,14,53,516,5,available
728,14,55,117,1,occupied
729,14,55,118,1,available
730,14,54,719,7,available
731,14,53,1200,12,occupied
732,14,55,1001,10,occupied
733,14,55,1102,11,occupied
734,14,53,403,4,available
735,14,54,804,8,occupied
736,14,55,1005,10,available
737,14,52,906,9,available
738,15,56,600,6,available
739,15,58,801,8,available
740,15,58,502,5,occupied
741,15,60,603,6,occupied
742,15,59,904,9,available
743,15,60,1205,12,available
744,15,60,1006,10,available
745,15,60,307,3,available
746,15,56,1208,12,available
747,15,58,909,9,available
748,15,56,510,5,available
749,15,58,511,5,available
750,15,57,612,6,occupied
751,15,58,413,4,available
752,15,58,514,5,available
753,15,58,915,9,available
754,15,58,516,5,available
755,15,57,1017,10,occupied
756,15,57,1218,12,available
757,15,58,1219,12,available
758,15,58,400,4,occupied
759,15,60,901,9,available
760,15,58,1102,11,available
761,15,60,1103,11,occupied
762,15,57,1104,11,occupied
763,15,58,405,4,available
764,15,58,1006,10,available
765,15,58,307,3,available
766,15,56,508,5,available
767,15,59,909,9,maintenance
768,15,56,210,2,available
769,15,58,811,8,available
770,15,60,1012,10,occupied
771,15,60,1013,10,available
772,15,58,114,1,maintenance
773,15,59,1015,10,available
774,15,59,716,7,available
775,15,57,317,3,available
776,15,56,118,1,occupied
777,16,61,900,9,available
778,16,62,201,2,occupied
779,16,64,402,4,available
780,16,61,103,1,available
781,16,63,504,5,available
782,16,62,405,4,available
783,16,63,906,9,available
784,16,62,307,3,available
785,16,63,408,4,available
786,16,64,409,4,available
787,16,61,310,3,available
788,16,63,811,8,available
789,16,62,712,7,available
790,16,64,1013,10,available
791,16,62,414,4,available
792,16,61,415,4,available
793,16,64,1016,10,occupied
794,16,64,817,8,available
795,16,61,218,2,available
796,16,64,819,8,available
797,16,64,1000,10,occupied
798,16,61,901,9,occupied
799,16,62,1102,11,available
800,16,63,603,6,available
801,16,64,804,8,available
802,16,63,305,3,occupied
803,16,64,306,3,occupied
804,16,62,407,4,available
805,16,64,508,5,available
806,16,63,409,4,available
807,16,64,110,1,available
808,16,62,1111,11,available
809,16,64,1212,12,occupied
810,16,64,1013,10,available
811,16,64,114,1,available
812,16,64,715,7,available
813,16,63,616,6,available
814,16,63,517,5,available
815,16,62,418,4,occupied
816,16,62,119,1,maintenance
817,16,63,100,1,occupied
818,16,61,1201,12,occupied
819,16,61,1002,10,available
820,16,61,503,5,available
821,16,63,804,8,available
822,16,62,705,7,available
823,16,62,406,4,available
824,17,65,400,4,occupied
825,17,65,1001,10,available
826,17,66,502,5,available
827,17,68,303,3,available
828,17,66,1004,10,occupied
829,17,65,205,2,available
830,17,66,906,9,available
831,17,68,907,9,occupied
832,17,66,308,3,available
833,17,66,409,4,occupied
834,17,67,310,3,occupied
835,17,65,911,9,available
836,17,65,712,7,available
837,17,65,813,8,available
838,17,66,414,4,occupied
839,17,67,1015,10,occupied
840,17,68,416,4,available
841,17,65,1217,12,available
842,17,65,218,2,maintenance
843,17,66,119,1,available
844,17,68,1100,11,occupied
845,17,68,901,9,available
846,17,67,1002,10,available
847,17,68,503,5,available
848,17,68,304,3,available
849,17,68,305,3,occupied
850,17,66,206,2,available
851,17,67,507,5,available
852,17,68,708,7,available
853,17,67,109,1,available
854,17,66,110,1,available
855,17,66,811,8,occupied
856,17,66,1112,11,occupied
857,17,68,413,4,available
858,17,66,814,8,available
859,17,68,815,8,occupied
860,17,67,416,4,available
861,17,68,117,1,available
862,17,66,1118,11,occupied
863,17,67,619,6,available
864,18,70,1100,11,occupied
865,18,69,1001,10,available
866,18,71,902,9,available
867,18,70,203,2,available
868,18,69,504,5,occupied
869,18,69,105,1,maintenance
870,18,69,1206,12,occupied
871,18,70,107,1,available
872,18,69,1108,11,available
873,18,69,809,8,available
874,18,71,810,8,available
875,18,70,511,5,available
876,18,71,1012,10,available
877,18,70,813,8,available
878,18,71,114,1,available
879,18,71,1215,12,occupied
880,18,71,216,2,maintenance
881,18,69,717,7,available
882,18,71,818,8,occupied
883,18,71,519,5,available
884,18,69,200,2,available
885,18,70,701,7,available
886,18,69,502,5,available
887,18,69,403,4,available
888,18,69,704,7,occupied
889,18,69,705,7,available
890,18,70,406,4,available
891,18,69,307,3,occupied
892,18,70,1208,12,available
893,18,69,409,4,available
894,18,69,1110,11,available
895,18,69,1111,11,available
896,18,70,1012,10,occupied
897,18,70,813,8,maintenance
898,18,70,1014,10,available
899,18,71,615,6,available
900,18,70,916,9,available
901,18,71,1217,12,available
902,18,71,518,5,occupied
903,18,69,419,4,occupied
904,18,70,800,8,available
905,18,71,501,5,available
906,18,71,702,7,available
907,18,71,503,5,occupied
908,18,70,204,2,occupied
909,18,71,405,4,occupied
910,18,69,406,4,available
911,18,69,207,2,available
912,18,71,608,6,available
913,18,70,709,7,available
914,18,70,210,2,available
915,18,71,811,8,occupied
916,18,71,212,2,occupied
917,18,69,713,7,available
918,18,70,314,3,available
919,18,69,615,6,occupied
920,18,69,516,5,available
921,18,70,717,7,available
922,18,70,718,7,occupied
923,19,73,1000,10,occupied
924,19,74,301,3,available
925,19,75,202,2,available
926,19,72,1203,12,available
927,19,75,804,8,occupied
928,19,73,105,1,available
929,19,73,106,1,available
930,19,74,1107,11,available
931,19,74,1108,11,available
932,19,72,309,3,occupied
933,19,74,210,2,available
934,19,72,111,1,available
935,19,73,312,3,occupied
936,19,75,213,2,available
937,19,74,1014,10,occupied
938,19,72,1015,10,available
939,19,72,816,8,available
940,19,74,317,3,available
941,19,72,818,8,available
942,19,74,119,1,available
943,19,74,1100,11,available
944,19,75,801,8,available
945,19,74,502,5,available
946,19,75,703,7,occupied
947,19,73,504,5,available
948,19,73,405,4,available
949,19,73,106,1,available
950,19,72,307,3,available
951,19,75,308,3,available
952,19,72,509,5,occupied
953,19,74,1010,10,available
954,19,75,711,7,available
955,19,74,1212,12,available
956,19,75,1113,11,available
957,19,73,714,7,available
958,19,72,115,1,available
959,19,74,716,7,available
960,19,75,817,8,available
961,19,75,1218,12,occupied
962,19,75,319,3,occupied
963,19,75,1100,11,available
964,19,73,101,1,occupied
965,19,73,502,5,available
966,19,75,603,6,available
967,19,73,404,4,available
968,19,75,505,5,occupied
969,19,73,706,7,available
970,19,72,1107,11,available
971,20,80,600,6,available
972,20,76,801,8,occupied
973,20,80,402,4,available
974,20,78,1103,11,available
975,20,80,504,5,available
976,20,80,1005,10,available
977,20,80,406,4,available
978,20,76,807,8,maintenance
979,20,80,908,9,available
980,20,79,109,1,available
981,20,76,710,7,available
982,20,76,811,8,occupied
983,20,79,812,8,occupied
984,20,80,1013,10,available
985,20,78,1014,10,available
986,20,78,515,5,occupied
987,20,76,416,4,available
988,20,80,517,5,available
989,20,76,918,9,available
990,20,77,819,8,available
991,20,76,700,7,available
992,20,76,501,5,available
993,20,80,702,7,available
994,20,78,1003,10,available
995,20,79,1004,10,available
996,20,80,505,5,occupied
997,20,77,706,7,available
998,20,78,307,3,available
999,20,77,108,1,available
1000,20,76,609,6,available
1001,20,79,110,1,available
1002,20,78,311,3,available
1003,20,78,712,7,available
1004,20,79,413,4,occupied
1005,20,78,214,2,occupied
1006,20,78,515,5,maintenance
1007,20,80,1116,11,available
1008,20,77,217,2,occupied
1009,20,76,418,4,available
1010,20,78,319,3,available
1011,20,79,600,6,available
1012,20,80,801,8,available
1013,20,79,1102,11,available
1014,20,76,603,6,occupied
1015,20,78,304,3,available
1016,20,77,905,9,occupied
1017,20,76,1006,10,occupied
1018,20,76,207,2,available
1019,20,78,308,3,available
1020,20,80,409,4,available
1021,20,78,110,1,available
1022,21,84,200,2,occupied
1023,21,84,401,4,available
1024,21,84,1002,10,occupied
1025,21,81,1203,12,available
1026,21,84,904,9,occupied
1027,21,84,605,6,available
1028,21,82,106,1,available
1029,21,82,107,1,available
1030,21,81,1108,11,occupied
1031,21,83,709,7,occupied
1032,21,81,610,6,occupied
1033,21,81,311,3,occupied
1034,21,81,1012,10,available
1035,21,84,913,9,maintenance
1036,21,83,214,2,available
1037,21,81,1115,11,available
1038,21,83,916,9,occupied
1039,21,83,117,1,occupied
1040,21,81,518,5,available
1041,21,82,1219,12,available
1042,21,84,300,3,available
1043,21,84,201,2,maintenance
1044,21,83,202,2,available
1045,21,83,703,7,available
1046,21,83,604,6,available
1047,21,81,305,3,occupied
1048,21,81,606,6,available
1049,21,83,607,6,available
1050,21,81,308,3,available
1051,21,81,409,4,available
1052,21,83,910,9,occupied
1053,21,81,1211,12,available
1054,21,83,912,9,available
1055,21,81,713,7,occupied
1056,21,81,514,5,occupied
1057,21,84,215,2,available
1058,21,83,1216,12,available
1059,21,81,217,2,occupied
1060,21,81,218,2,occupied
1061,21,81,819,8,occupied
1062,21,84,900,9,available
1063,21,82,1001,10,occupied
1064,21,82,202,2,available
1065,21,82,1103,11,occupied
1066,21,81,1104,11,occupied
1067,21,84,405,4,occupied
1068,21,82,306,3,occupied
1069,21,82,707,7,available
1070,21,83,1008,10,occupied
1071,21,82,809,8,available
1072,21,81,710,7,available
1073,21,84,411,4,occupied
1074,21,83,612,6,available
1075,21,84,1013,10,available
1076,22,85,1200,12,available
1077,22,88,101,1,maintenance
1078,22,88,1002,10,available
1079,22,87,1203,12,available
1080,22,86,1104,11,available
1081,22,86,305,3,occupied
1082,22,86,406,4,occupied
1083,22,85,1107,11,available
1084,22,86,508,5,maintenance
1085,22,85,1109,11,available
1086,22,85,1210,12,available
1087,22,85,611,6,available
1088,22,86,312,3,occupied
1089,22,85,613,6,available
1090,22,88,714,7,available
1091,22,87,815,8,available
1092,22,86,416,4,available
1093,22,86,1117,11,occupied
1094,22,86,818,8,available
1095,22,87,719,7,available
1096,22,85,700,7,available
1097,22,85,101,1,occupied
1098,22,87,402,4,available
1099,22,87,303,3,available
1100,22,86,704,7,occupied
1101,22,88,905,9,available
1102,22,88,606,6,available
1103,22,86,807,8,available
1104,22,87,808,8,maintenance
1105,22,87,309,3,available
1106,22,88,310,3,available
1107,22,86,1111,11,available
1108,22,86,912,9,available
1109,22,86,213,2,available
1110,22,87,914,9,available
1111,22,85,515,5,occupied
1112,22,87,1216,12,available
1113,22,85,1017,10,maintenance
1114,22,85,418,4,occupied
1115,22,87,419,4,occupied
1116,22,86,1100,11,available
1117,22,85,301,3,maintenance
1118,22,87,1202,12,occupied
1119,22,88,1003,10,available
1120,22,88,404,4,available
1121,23,91,700,7,available
1122,23,90,1001,10,available
1123,23,90,1102,11,occupied
1124,23,91,1003,10,available
1125,23,89,704,7,available
1126,23,89,405,4,available
1127,23,90,606,6,available
1128,23,89,907,9,available
1129,23,89,708,7,maintenance
1130,23,89,1209,12,available
1131,23,91,310,3,available
1132,23,89,411,4,available
1133,23,91,1212,12,available
1134,23,91,913,9,available
1135,23,89,414,4,occupied
1136,23,89,615,6,available
1137,23,90,116,1,occupied
1138,23,90,217,2,maintenance
1139,23,91,1018,10,occupied
1140,23,89,219,2,available
1141,23,89,1000,10,available
1142,23,90,1001,10,available
1143,23,91,402,4,available
1144,23,91,503,5,available
1145,23,91,1204,12,occupied
1146,23,90,405,4,occupied
1147,23,90,206,2,available
1148,23,91,407,4,occupied
1149,23,90,108,1,available
1150,23,90,609,6,occupied
1151,23,91,1210,12,available
1152,23,91,211,2,maintenance
1153,23,91,112,1,available
1154,23,89,313,3,occupied
1155,23,89,1214,12,available
1156,23,89,415,4,occupied
1157,23,89,316,3,available
1158,23,89,1117,11,available
1159,23,91,318,3,available
1160,23,91,1219,12,available
1161,23,91,500,5,occupied
1162,23,90,301,3,available
1163,23,89,802,8,available
1164,23,89,603,6,available
1165,23,89,1104,11,occupied
1166,23,90,205,2,available
1167,23,89,406,4,available
1168,23,90,207,2,available
1169,23,91,308,3,available
1170,24,96,1100,11,available
1171,24,96,1001,10,maintenance
1172,24,95,302,3,occupied
1173,24,96,903,9,available
1174,24,93,804,8,available
1175,24,96,805,8,available
1176,24,94,1006,10,available
1177,24,92,407,4,available
1178,24,95,908,9,available
1179,24,92,1009,10,available
1180,24,93,110,1,available
1181,24,96,211,2,available
1182,24,95,1112,11,available
1183,24,93,113,1,available
1184,24,96,414,4,occupied
1185,24,93,115,1,available
1186,24,96,916,9,occupied
1187,24,93,917,9,available
1188,24,94,918,9,available
1189,24,94,519,5,available
1190,24,93,300,3,available
1191,24,95,401,4,available
1192,24,93,1202,12,available
1193,24,96,303,3,available
1194,24,92,704,7,occupied
1195,24,96,205,2,occupied
1196,24,94,806,8,available
1197,24,94,607,6,available
1198,24,92,108,1,occupied
1199,24,92,1209,12,available
1200,24,94,310,3,occupied
1201,24,96,211,2,available
1202,24,93,812,8,maintenance
1203,24,92,813,8,occupied
1204,24,96,1114,11,available
1205,24,96,115,1,occupied
1206,24,94,616,6,available
1207,24,92,917,9,available
1208,24,94,518,5,available
1209,24,96,319,3,available
1210,24,96,900,9,available
1211,24,95,901,9,occupied
1212,24,92,302,3,available
1213,24,94,903,9,available
1214,24,92,604,6,available
1215,24,92,905,9,available
1216,24,92,106,1,available
1217,24,92,1107,11,available
1218,24,93,708,7,available
1219,24,94,209,2,available
1220,24,96,510,5,available
1221,24,95,711,7,available
1222,24,93,712,7,available
1223,24,94,913,9,available
1224,24,94,614,6,available
1225,24,94,515,5,occupied
1226,24,96,716,7,occupied
1227,24,96,1217,12,available
1228,24,95,118,1,available
1229,24,93,719,7,available
1230,24,96,900,9,available
1231,24,94,101,1,occupied
1232,24,96,302,3,available
1233,25,98,100,1,occupied
1234,25,98,501,5,occupied
1235,25,97,902,9,occupied
1236,25,99,103,1,available
1237,25,99,504,5,maintenance
1238,25,99,305,3,available
1239,25,98,806,8,occupied
1240,25,97,907,9,available
1241,25,99,408,4,available
1242,25,97,709,7,available
1243,25,97,1110,11,available
1244,25,99,711,7,available
1245,25,98,1212,12,available
1246,25,99,1113,11,available
1247,25,99,514,5,available
1248,25,97,115,1,available
1249,25,98,1216,12,available
1250,25,99,1217,12,occupied
1251,25,98,418,4,available
1252,25,98,219,2,available
1253,25,97,700,7,available
1254,25,99,701,7,available
1255,25,98,502,5,occupied
1256,25,97,303,3,available
1257,25,97,1204,12,available
1258,25,98,905,9,available
1259,25,98,406,4,maintenance
1260,25,99,107,1,available
1261,25,98,708,7,available
1262,25,98,509,5,available
1263,25,99,910,9,occupied
1264,25,97,411,4,occupied
1265,25,98,412,4,available
1266,26,101,500,5,available
1267,26,101,801,8,available
1268,26,100,1102,11,available
1269,26,100,503,5,available
1270,26,100,504,5,available
1271,26,101,405,4,maintenance
1272,26,102,406,4,occupied
1273,26,102,1007,10,available
1274,26,100,708,7,occupied
1275,26,101,209,2,available
1276,26,103,910,9,available
1277,26,100,911,9,available
1278,26,101,412,4,available
1279,26,101,813,8,available
1280,26,103,1114,11,available
1281,26,101,115,1,occupied
1282,26,100,1216,12,available
1283,26,100,1017,10,occupied
1284,26,103,618,6,maintenance
1285,26,100,819,8,maintenance
1286,26,103,900,9,occupied
1287,26,100,101,1,occupied
1288,26,101,102,1,maintenance
1289,26,100,1003,10,available
1290,26,103,204,2,available
1291,26,100,405,4,available
1292,26,102,806,8,available
1293,26,103,507,5,occupied
1294,26,100,1208,12,occupied
1295,26,100,1009,10,available
1296,26,103,610,6,available
1297,26,102,311,3,occupied
1298,26,100,512,5,available
1299,26,100,913,9,available
1300,26,102,214,2,available
1301,26,101,415,4,available
1302,26,103,616,6,occupied
1303,26,101,717,7,available
1304,26,101,418,4,available
1305,26,101,219,2,available
1306,26,102,600,6,available
1307,26,100,201,2,available
1308,26,100,1202,12,occupied
1309,26,102,303,3,available
1310,26,103,1204,12,available
1311,26,102,1105,11,available
1312,26,102,406,4,available
1313,26,103,707,7,available
1314,26,100,908,9,available
1315,26,100,1209,12,available
1316,26,100,110,1,occupied
1317,26,100,911,9,occupied
1318,26,102,712,7,available
1319,26,100,113,1,available
1320,26,103,214,2,available
1321,26,101,215,2,maintenance
1322,26,101,516,5,occupied
1323,26,102,117,1,occupied
1324,26,101,718,7,available
1325,26,103,1119,11,occupied
1326,26,103,900,9,available
1327,26,101,1001,10,available
1328,27,105,500,5,occupied
1329,27,104,201,2,available
1330,27,106,102,1,occupied
1331,27,105,403,4,available
1332,27,104,804,8,occupied
1333,27,106,1205,12,occupied
1334,27,104,706,7,available
1335,27,104,1107,11,available
1336,27,106,208,2,available
1337,27,106,609,6,available
1338,27,106,110,1,available
1339,27,104,911,9,available
1340,27,106,1012,10,occupied
1341,27,105,513,5,available
1342,27,104,1214,12,maintenance
1343,27,105,1015,10,occupied
1344,27,105,1016,10,occupied
1345,27,106,1117,11,available
1346,27,106,1018,10,occupied
1347,27,106,519,5,occupied
1348,27,106,1000,10,occupied
1349,27,106,1201,12,available
1350,27,105,202,2,occupied
1351,27,105,303,3,available
1352,27,105,1004,10,available
1353,27,106,405,4,available
1354,27,106,206,2,available
1355,27,106,507,5,available
1356,27,104,308,3,occupied
1357,27,104,309,3,occupied
1358,27,104,510,5,occupied
1359,27,105,711,7,available
1360,27,104,712,7,available
1361,27,104,913,9,available
1362,27,105,1114,11,available
1363,27,105,115,1,available
1364,27,104,1216,12,available
1365,27,106,1217,12,available
1366,27,106,418,4,available
1367,27,106,1019,10,occupied
1368,27,106,400,4,occupied
1369,27,106,301,3,available
1370,27,106,102,1,occupied
1371,27,105,103,1,occupied
1372,27,105,1104,11,available
1373,27,104,1205,12,available
1374,27,105,606,6,available
1375,27,104,707,7,available
1376,27,105,908,9,available
1377,27,105,1109,11,available
1378,27,106,710,7,available
1379,27,105,711,7,available
1380,27,104,112,1,available
1381,27,105,213,2,available
1382,27,106,314,3,occupied
1383,27,106,615,6,available
1384,27,104,516,5,occupied
1385,27,105,717,7,available
1386,27,104,1018,10,occupied
1387,27,105,919,9,available
1388,27,104,100,1,occupied
1389,27,104,801,8,occupied
1390,27,104,102,1,available
1391,28,108,1000,10,available
1392,28,108,201,2,maintenance
1393,28,107,702,7,available
1394,28,107,203,2,available
1395,28,109,604,6,occupied
1396,28,107,105,1,occupied
1397,28,108,906,9,available
1398,28,109,507,5,available
1399,28,109,1008,10,available
1400,28,109,609,6,available
1401,28,108,310,3,occupied
1402,28,109,411,4,occupied
1403,28,108,1112,11,available
1404,28,107,113,1,occupied
1405,28,107,1114,11,available
1406,28,107,815,8,available
1407,28,109,516,5,available
1408,28,107,1217,12,occupied
1409,28,107,1218,12,available
1410,28,108,1119,11,available
1411,28,107,600,6,available
1412,28,107,1201,12,occupied
1413,28,109,1102,11,occupied
1414,28,108,103,1,maintenance
1415,28,109,1204,12,occupied
1416,28,107,505,5,available
1417,28,109,1106,11,available
1418,28,107,407,4,available
1419,28,108,408,4,available
1420,28,107,609,6,available
1421,28,107,410,4,available
1422,28,108,211,2,available
1423,28,107,812,8,available
1424,28,107,1113,11,available
1425,28,109,314,3,available
1426,28,107,415,4,occupied
1427,28,107,916,9,maintenance
1428,28,108,317,3,available
1429,28,109,1018,10,maintenance
1430,28,108,219,2,available
1431,28,108,200,2,occupied
1432,28,109,501,5,available
1433,28,109,102,1,occupied
1434,28,107,1003,10,available
1435,28,107,704,7,available
1436,28,107,205,2,available
1437,28,108,106,1,available
1438,28,107,1107,11,available
1439,28,107,708,7,available
1440,28,107,309,3,occupied
1441,28,109,810,8,available
1442,28,107,311,3,available
1443,28,107,1112,11,available
1444,28,108,1013,10,available
1445,28,107,214,2,available
1446,28,108,915,9,occupied
1447,28,108,316,3,available
1448,28,108,1217,12,occupied
1449,28,109,1118,11,available
1450,28,107,719,7,occupied
1451,28,107,900,9,available
1452,28,107,901,9,available
1453,29,113,100,1,available
1454,29,114,801,8,maintenance
1455,29,110,802,8,occupied
1456,29,114,903,9,occupied
1457,29,113,704,7,available
1458,29,110,805,8,available
1459,29,110,706,7,occupied
1460,29,113,407,4,occupied
1461,29,114,308,3,occupied
1462,29,110,609,6,occupied
1463,29,113,910,9,available
1464,29,111,311,3,available
1465,29,112,612,6,available
1466,29,110,713,7,available
1467,29,112,114,1,occupied
1468,29,114,815,8,occupied
1469,29,112,716,7,available
1470,29,110,917,9,available
1471,29,111,218,2,maintenance
1472,29,111,619,6,available
1473,29,113,1000,10,maintenance
1474,29,114,1001,10,available
1475,29,112,402,4,available
1476,29,114,903,9,available
1477,29,114,104,1,maintenance
1478,29,111,105,1,occupied
1479,29,110,1006,10,available
1480,29,111,1107,11,occupied
1481,29,113,1208,12,available
1482,29,112,909,9,maintenance
1483,29,111,510,5,occupied
1484,29,112,1211,12,available
1485,29,114,1112,11,available
1486,29,110,513,5,available
1487,29,114,914,9,available
1488,29,110,1215,12,available
1489,29,110,616,6,occupied
1490,29,111,917,9,available
1491,29,113,818,8,available
1492,29,111,119,1,occupied
1493,29,113,500,5,available
1494,29,110,1001,10,available
1495,29,113,802,8,available
1496,29,113,703,7,available
1497,29,114,1004,10,occupied
1498,29,114,805,8,occupied
1499,29,111,306,3,available
1500,29,114,407,4,available
1501,29,110,1108,11,available
1502,29,114,109,1,available
1503,30,116,600,6,available
1504,30,117,101,1,available
1505,30,117,702,7,available
1506,30,119,603,6,available
1507,30,119,104,1,available
1508,30,115,305,3,available
1509,30,119,306,3,occupied
1510,30,117,607,6,available
1511,30,116,908,9,available
1512,30,119,709,7,available
1513,30,117,1010,10,available
1514,30,116,1111,11,maintenance
1515,30,119,1212,12,available
1516,30,117,713,7,occupied
1517,30,116,414,4,available
1518,30,119,215,2,available
1519,30,116,516,5,available
1520,30,117,317,3,available
1521,30,117,1218,12,maintenance
1522,30,118,319,3,occupied
1523,30,117,700,7,available
1524,30,119,301,3,available
1525,30,119,402,4,occupied
1526,30,116,603,6,available
1527,30,117,204,2,available
1528,30,119,205,2,available
1529,30,118,606,6,available
1530,30,118,907,9,available
1531,30,118,908,9,available
1532,30,119,609,6,occupied
1533,30,117,510,5,available
1534,30,116,511,5,available
1535,30,115,1112,11,occupied
1536,30,119,213,2,occupied
1537,30,115,814,8,available
1538,30,116,115,1,available
1539,30,117,1016,10,available
1540,30,115,217,2,occupied
1541,30,116,718,7,available
1542,30,117,519,5,available
1543,30,117,600,6,available
1544,31,121,600,6,available
1545,31,121,701,7,available
1546,31,124,202,2,available
1547,31,123,803,8,occupied
1548,31,120,104,1,maintenance
1549,31,122,305,3,available
1550,31,120,506,5,maintenance
1551,31,120,107,1,occupied
1552,31,121,808,8,available
1553,31,124,209,2,available
1554,31,124,810,8,available
1555,31,124,1211,12,occupied
1556,31,123,112,1,available
1557,31,121,413,4,occupied
1558,31,124,914,9,occupied
1559,31,122,715,7,available
1560,31,121,616,6,available
1561,31,123,717,7,available
1562,31,122,1018,10,available
1563,31,123,919,9,available
1564,31,122,300,3,available
1565,31,122,901,9,available
1566,31,122,902,9,available
1567,31,124,703,7,maintenance
1568,31,122,1204,12,occupied
1569,31,122,305,3,available
1570,31,122,1006,10,occupied
1571,31,120,1207,12,available
1572,31,122,108,1,available
1573,31,120,109,1,available
1574,31,122,610,6,available
1575,31,124,1111,11,occupied
1576,31,120,412,4,available
1577,31,120,613,6,occupied
1578,31,120,414,4,available
1579,31,122,815,8,available
1580,31,121,1116,11,available
1581,31,124,1217,12,available
1582,31,120,518,5,available
1583,31,124,919,9,available
1584,31,123,1000,10,available
1585,31,123,301,3,available
1586,31,121,702,7,available
1587,32,126,1200,12,occupied
1588,32,127,701,7,available
1589,32,125,302,3,available
1590,32,127,1203,12,occupied
1591,32,126,504,5,available
1592,32,125,905,9,available
1593,32,125,1206,12,available
1594,32,125,1207,12,available
1595,32,125,308,3,available
1596,32,125,1109,11,available
1597,32,126,1010,10,available
1598,32,126,1211,12,available
1599,32,125,912,9,available
1600,32,126,813,8,available
1601,32,127,914,9,available
1602,32,125,915,9,available
1603,32,126,716,7,available
1604,32,125,1117,11,available
1605,32,125,618,6,available
1606,32,126,519,5,occupied
1607,32,126,900,9,available
1608,32,126,301,3,available
1609,32,127,102,1,available
1610,32,127,203,2,available
1611,32,127,1204,12,available
1612,32,127,905,9,available
1613,32,125,706,7,available
1614,32,125,1207,12,available
1615,32,125,1108,11,available
1616,32,125,809,8,available
1617,32,125,810,8,occupied
1618,32,127,411,4,occupied
1619,32,127,1012,10,maintenance
1620,32,125,613,6,available
1621,32,125,1014,10,maintenance
1622,32,127,415,4,occupied
1623,32,125,216,2,occupied
1624,32,126,1117,11,occupied
1625,32,125,1118,11,available
1626,32,127,919,9,available
1627,32,125,600,6,available
1628,32,127,401,4,occupied
1629,32,127,402,4,available
1630,32,126,503,5,available
1631,32,126,1204,12,available
1632,32,127,1205,12,occupied
1633,32,125,306,3,occupied
1634,32,126,407,4,occupied
1635,32,127,608,6,available
1636,32,126,1009,10,occupied
1637,32,126,1010,10,occupied
1638,32,125,311,3,occupied
1639,32,127,1012,10,available
1640,32,125,1013,10,available
1641,32,125,314,3,available
1642,32,125,1115,11,occupied
1643,32,126,916,9,occupied
1644,32,127,217,2,available
1645,32,127,618,6,available
1646,32,127,919,9,available
1647,32,125,100,1,occupied
1648,32,125,301,3,occupied
1649,32,126,1202,12,occupied
1650,32,125,903,9,available
1651,32,125,104,1,available
1652,32,127,805,8,available
1653,32,127,806,8,available
1654,32,127,1007,10,available
1655,32,127,408,4,available
1656,32,127,1209,12,occupied
1657,33,130,300,3,available
1658,33,131,101,1,occupied
1659,33,128,402,4,available
1660,33,130,403,4,occupied
1661,33,128,1004,10,occupied
1662,33,130,205,2,available
1663,33,130,306,3,maintenance
1664,33,128,107,1,occupied
1665,33,129,1208,12,occupied
1666,33,130,1109,11,available
1667,33,130,410,4,available
1668,33,129,111,1,available
1669,33,129,112,1,available
1670,33,131,213,2,available
1671,33,131,214,2,available
1672,33,128,315,3,available
1673,33,129,1216,12,available
1674,33,129,317,3,available
1675,33,131,718,7,available
1676,33,129,119,1,available
1677,33,128,200,2,available
1678,33,131,201,2,available
1679,33,129,102,1,available
1680,33,128,803,8,available
1681,33,130,1104,11,occupied
1682,33,131,405,4,available
1683,33,129,106,1,available
1684,33,129,707,7,available
1685,33,129,908,9,available
1686,33,129,809,8,available
1687,33,130,910,9,available
1688,33,130,311,3,available
1689,33,130,112,1,occupied
1690,33,131,1113,11,available
1691,33,130,114,1,available
1692,33,130,315,3,available
1693,33,130,716,7,available
1694,33,129,1217,12,occupied
1695,33,130,1218,12,available
1696,33,128,1219,12,occupied
1697,33,128,400,4,occupied
1698,33,130,301,3,occupied
1699,33,131,102,1,occupied
1700,33,129,803,8,available
1701,33,130,404,4,available
1702,33,130,905,9,available
1703,33,130,706,7,available
1704,33,129,407,4,occupied
1705,33,130,208,2,occupied
1706,33,129,109,1,available
1707,33,131,110,1,available
1708,33,130,1011,10,available
1709,33,129,912,9,available
1710,33,128,313,3,available
1711,33,128,814,8,occupied
1712,33,128,715,7,available
1713,33,128,716,7,available
1714,33,129,517,5,available
1715,33,128,618,6,available
1716,33,129,1119,11,available
1717,33,128,400,4,occupied
1718,33,130,101,1,available
1719,34,132,1000,10,available
1720,34,135,801,8,available
1721,34,135,602,6,available
1722,34,134,1003,10,available
1723,34,135,1004,10,available
1724,34,134,605,6,available
1725,34,133,406,4,available
1726,34,132,307,3,occupied
1727,34,134,808,8,available
1728,34,132,109,1,available
1729,34,132,910,9,available
1730,34,133,111,1,occupied
1731,34,135,912,9,available
1732,34,135,713,7,available
1733,34,132,814,8,available
1734,34,132,915,9,available
1735,34,132,1216,12,available
1736,34,135,217,2,available
1737,34,132,1218,12,available
1738,34,134,1219,12,available
1739,34,132,400,4,available
1740,34,135,801,8,available
1741,34,132,802,8,occupied
1742,34,134,203,2,maintenance
1743,34,134,604,6,maintenance
1744,34,134,805,8,available
1745,34,135,306,3,available
1746,34,133,107,1,available
1747,34,135,308,3,available
1748,34,134,809,8,available
1749,34,135,1010,10,available
1750,34,132,411,4,available
1751,34,132,612,6,available
1752,34,133,1013,10,available
1753,34,135,514,5,occupied
1754,34,135,715,7,occupied
1755,34,132,616,6,available
1756,35,136,300,3,available
1757,35,137,101,1,available
1758,35,137,702,7,available
1759,35,136,503,5,maintenance
1760,35,138,1004,10,available
1761,35,136,205,2,available
1762,35,138,806,8,available
1763,35,136,507,5,available
1764,35,138,1108,11,available
1765,35,136,909,9,occupied
1766,35,138,210,2,occupied
1767,35,138,1211,12,occupied
1768,35,138,1212,12,available
1769,35,136,613,6,available
1770,35,138,214,2,available
1771,35,136,115,1,available
1772,35,138,916,9,available
1773,35,138,517,5,available
1774,35,138,818,8,occupied
1775,35,137,1019,10,available
1776,35,137,1100,11,available
1777,35,136,401,4,available
1778,35,137,1102,11,available
1779,35,137,703,7,available
1780,35,138,504,5,available
1781,35,137,205,2,available
1782,35,137,506,5,maintenance
1783,35,137,807,8,available
1784,35,136,408,4,occupied
1785,35,137,709,7,available
1786,35,138,1210,12,maintenance
1787,35,138,1011,10,available
1788,35,138,1012,10,occupied
1789,35,138,813,8,occupied
1790,35,136,1214,12,occupied
1791,35,137,315,3,occupied
1792,35,138,316,3,available
1793,35,137,117,1,available
1794,35,138,318,3,available
1795,35,137,119,1,occupied
1796,35,138,1100,11,available
1797,35,138,1101,11,available
1798,35,136,902,9,occupied
1799,35,136,403,4,available
1800,35,138,1004,10,available
1801,35,138,905,9,occupied
1802,35,138,806,8,occupied
1803,35,136,207,2,maintenance
1804,35,136,1208,12,occupied
1805,35,138,1109,11,available
1806,35,137,1110,11,available
1807,35,136,911,9,occupied
1808,35,137,512,5,available
1809,35,136,213,2,available
1810,35,137,914,9,available
1811,35,136,1015,10,maintenance
1812,35,138,616,6,available
1813,35,136,917,9,available
1814,35,136,518,5,available
1815,35,137,819,8,available
1816,35,138,200,2,occupied
1817,35,136,401,4,available
1818,35,136,502,5,available
1819,36,139,300,3,available
1820,36,142,1101,11,occupied
1821,36,141,302,3,available
1822,36,142,903,9,occupied
1823,36,140,804,8,occupied
1824,36,142,1005,10,occupied
1825,36,142,1106,11,available
1826,36,141,107,1,available
1827,36,140,1208,12,available
1828,36,139,1009,10,available
1829,36,141,710,7,available
1830,36,140,311,3,available
1831,36,140,612,6,occupied
1832,36,141,213,2,occupied
1833,36,142,1014,10,occupied
1834,36,142,315,3,available
1835,36,139,1016,10,occupied
1836,36,141,1017,10,available
1837,36,140,1218,12,available
1838,36,142,119,1,available
1839,36,141,300,3,available
1840,36,139,301,3,available
1841,36,139,702,7,available
1842,36,141,1003,10,occupied
1843,36,142,504,5,available
1844,36,140,105,1,available
1845,36,140,506,5,available
1846,36,140,1007,10,available
1847,36,142,308,3,maintenance
1848,36,142,809,8,available
1849,36,142,1010,10,available
1850,36,142,111,1,available
1851,36,139,212,2,available
1852,36,140,213,2,available
1853,36,140,614,6,available
1854,37,145,300,3,maintenance
1855,37,143,1201,12,available
1856,37,143,402,4,available
1857,37,144,103,1,available
1858,37,143,104,1,occupied
1859,37,144,905,9,available
1860,37,144,606,6,occupied
1861,37,145,107,1,occupied
1862,37,144,508,5,occupied
1863,37,144,309,3,available
1864,37,145,210,2,available
1865,37,145,111,1,occupied
1866,37,145,512,5,available
1867,37,145,713,7,available
1868,37,143,814,8,occupied
1869,37,144,1215,12,available
1870,37,145,316,3,occupied
1871,37,145,917,9,available
1872,37,145,1118,11,available
1873,37,145,1219,12,available
1874,37,144,800,8,occupied
1875,37,143,201,2,available
1876,37,144,502,5,available
1877,37,143,403,4,occupied
1878,37,145,304,3,occupied
1879,37,145,705,7,occupied
1880,37,145,706,7,available
1881,37,145,1007,10,occupied
1882,37,143,1208,12,maintenance
1883,37,144,1209,12,available
1884,37,144,510,5,occupied
1885,37,144,1011,10,available
1886,37,143,612,6,available
1887,37,144,613,6,occupied
1888,37,143,214,2,available
1889,37,143,1215,12,available
1890,37,143,116,1,occupied
1891,37,144,617,6,available
1892,37,144,1218,12,available
1893,37,143,219,2,available
1894,37,144,1100,11,occupied
1895,37,143,1001,10,available
1896,37,145,702,7,available
1897,37,144,403,4,available
1898,37,145,1104,11,available
1899,37,145,1005,10,available
1900,37,144,1006,10,available
1901,37,144,107,1,available
1902,37,145,1108,11,available
1903,37,144,309,3,available
1904,37,145,510,5,available
1905,37,144,711,7,maintenance
1906,37,145,512,5,occupied
1907,37,145,913,9,available
1908,37,144,814,8,available
1909,37,144,715,7,available
1910,37,143,516,5,available
1911,37,144,817,8,occupied
1912,37,144,918,9,occupied
1913,37,145,819,8,occupied
1914,37,144,600,6,maintenance
1915,37,143,901,9,occupied
1916,37,143,702,7,available
1917,37,144,503,5,occupied
1918,37,144,304,3,occupied
1919,37,143,705,7,available
1920,37,144,106,1,available
1921,37,145,607,6,available
1922,38,146,100,1,available
1923,38,148,701,7,available
1924,38,146,202,2,available
1925,38,147,303,3,maintenance
1926,38,147,704,7,maintenance
1927,38,147,1205,12,available
1928,38,147,706,7,available
1929,38,147,1007,10,available
1930,38,146,208,2,available
1931,38,147,1209,12,maintenance
1932,38,146,610,6,occupied
1933,38,148,511,5,available
1934,38,148,1112,11,available
1935,38,146,113,1,occupied
1936,38,148,114,1,available
1937,38,148,915,9,maintenance
1938,38,147,1216,12,available
1939,38,148,317,3,available
1940,38,146,318,3,available
1941,38,147,819,8,occupied
1942,38,146,500,5,available
1943,38,148,701,7,occupied
1944,38,146,1102,11,occupied
1945,38,146,303,3,occupied
1946,38,146,104,1,available
1947,38,147,405,4,occupied
1948,38,147,606,6,available
1949,38,147,1207,12,available
1950,38,147,908,9,available
1951,38,148,609,6,maintenance
1952,38,148,310,3,available
1953,38,147,911,9,available
1954,38,146,212,2,available
1955,38,148,413,4,available
1956,38,147,614,6,occupied
1957,38,147,115,1,available
1958,38,147,516,5,available
1959,38,147,517,5,available
1960,38,147,1218,12,available
1961,38,146,219,2,available
1962,38,146,300,3,occupied
1963,38,147,501,5,occupied
1964,38,148,1202,12,occupied
1965,38,147,1103,11,occupied
1966,38,148,204,2,available
1967,38,147,405,4,available
1968,38,147,1106,11,available
1969,38,148,307,3,available
1970,38,146,408,4,occupied
1971,38,148,909,9,available
1972,38,146,210,2,occupied
1973,38,147,1211,12,available
1974,39,149,200,2,available
1975,39,152,401,4,occupied
1976,39,151,602,6,occupied
1977,39,150,103,1,available
1978,39,150,604,6,occupied
1979,39,153,305,3,available
1980,39,150,606,6,occupied
1981,39,151,107,1,available
1982,39,149,908,9,available
1983,39,152,809,8,available
1984,39,151,910,9,occupied
1985,39,152,611,6,maintenance
1986,39,151,512,5,available
1987,39,151,513,5,available
1988,39,149,914,9,available
1989,39,153,615,6,available
1990,39,152,1016,10,available
1991,39,152,1217,12,occupied
1992,39,149,118,1,available
1993,39,151,419,4,available
1994,39,149,300,3,available
1995,39,153,901,9,available
1996,39,153,1202,12,available
1997,39,153,1003,10,available
1998,39,153,904,9,available
1999,39,150,1205,12,available
2000,39,151,606,6,available
2001,39,150,807,8,available
2002,39,152,1108,11,available
2003,39,152,409,4,available
2004,39,149,1210,12,maintenance
2005,39,153,1211,12,maintenance
2006,39,151,312,3,available
2007,39,150,913,9,available
2008,39,153,814,8,available
2009,39,150,415,4,available
2010,39,149,316,3,maintenance
2011,39,153,817,8,available
2012,39,150,1018,10,available
2013,39,150,919,9,occupied
2014,39,149,1200,12,available
2015,39,150,301,3,available
2016,39,149,202,2,available
2017,39,150,303,3,occupied
2018,39,149,204,2,available
2019,39,152,805,8,available
2020,39,149,106,1,occupied
2021,39,153,1107,11,available
2022,39,153,1108,11,available
2023,39,152,209,2,available
2024,39,149,510,5,available
2025,39,152,211,2,available
2026,39,150,912,9,available
2027,39,151,1113,11,available
2028,39,149,1014,10,available
2029,39,149,815,8,available
2030,39,153,1116,11,available
2031,39,151,517,5,available
2032,39,153,618,6,occupied
2033,39,149,119,1,available
2034,39,149,800,8,occupied
2035,39,152,301,3,available
2036,39,151,602,6,maintenance
2037,39,153,703,7,available
2038,40,156,100,1,occupied
2039,40,154,701,7,available
2040,40,157,702,7,available
2041,40,154,103,1,occupied
2042,40,157,604,6,available
2043,40,154,1205,12,available
2044,40,155,506,5,available
2045,40,157,907,9,available
2046,40,157,1008,10,occupied
2047,40,156,1009,10,available
2048,40,154,610,6,occupied
2049,40,155,711,7,available
2050,40,155,512,5,available
2051,40,157,913,9,occupied
2052,40,157,314,3,available
2053,40,157,115,1,available
2054,40,157,916,9,available
2055,40,154,817,8,available
2056,40,157,1018,10,available
2057,40,154,619,6,occupied
2058,40,157,300,3,available
2059,40,154,1001,10,available
2060,40,157,102,1,available
2061,40,155,303,3,available
2062,40,154,304,3,available
2063,40,156,805,8,occupied
2064,40,155,706,7,available
2065,40,154,907,9,occupied
2066,40,156,308,3,occupied
2067,40,157,609,6,available
2068,40,156,210,2,available
2069,40,157,511,5,occupied
2070,40,155,812,8,available
2071,40,155,213,2,available
2072,41,158,500,5,available
2073,41,160,1001,10,available
2074,41,158,702,7,available
2075,41,158,303,3,available
2076,41,159,604,6,available
2077,41,158,805,8,available
2078,41,160,506,5,occupied
2079,41,159,507,5,occupied
2080,41,158,908,9,available
2081,41,159,609,6,available
2082,41,158,610,6,available
2083,41,160,311,3,available
2084,41,160,312,3,available
2085,41,159,813,8,occupied
2086,41,160,1014,10,available
2087,41,160,115,1,available
2088,41,159,416,4,occupied
2089,41,159,717,7,available
2090,41,158,818,8,available
2091,41,158,519,5,occupied
2092,41,159,300,3,available
2093,41,160,1001,10,available
2094,41,160,502,5,available
2095,41,158,803,8,available
2096,41,160,304,3,available
2097,41,159,1205,12,available
2098,41,158,306,3,maintenance
2099,41,158,707,7,occupied
2100,41,160,608,6,available
2101,41,158,109,1,occupied
2102,41,160,1110,11,available
2103,41,158,211,2,available
2104,41,159,112,1,available
2105,41,159,213,2,maintenance
2106,41,160,214,2,available
2107,41,159,215,2,occupied
2108,41,158,1216,12,available
2109,41,159,117,1,occupied
2110,41,158,418,4,available
2111,41,159,219,2,occupied
2112,41,160,600,6,available
2113,41,158,801,8,available
2114,41,160,1102,11,available
2115,41,160,1003,10,occupied
2116,41,160,1204,12,available
2117,41,159,405,4,occupied
2118,41,158,1006,10,available
2119,41,159,1007,10,available
2120,41,158,708,7,available
2121,41,160,509,5,available
2122,41,159,210,2,available
2123,41,160,211,2,maintenance
2124,41,160,912,9,occupied
2125,41,159,413,4,occupied
2126,41,160,214,2,available
2127,41,160,215,2,available
2128,41,159,116,1,available
2129,41,160,1117,11,available
2130,41,158,1118,11,available
2131,41,159,519,5,available
2132,41,160,600,6,available
2133,41,160,401,4,available
2134,41,158,702,7,available
2135,41,159,503,5,maintenance
2136,41,159,104,1,occupied
2137,42,161,1000,10,available
2138,42,163,501,5,occupied
2139,42,163,902,9,available
2140,42,162,303,3,available
2141,42,161,704,7,occupied
2142,42,163,505,5,available
2143,42,161,906,9,available
2144,42,162,107,1,available
2145,42,162,508,5,occupied
2146,42,162,609,6,available
2147,42,162,610,6,available
2148,42,162,311,3,available
2149,42,161,1212,12,occupied
2150,42,163,113,1,available
2151,42,162,614,6,available
2152,42,162,1115,11,available
2153,42,163,116,1,available
2154,42,163,217,2,occupied
2155,42,161,218,2,maintenance
2156,42,162,919,9,occupied
2157,42,161,1000,10,maintenance
2158,42,161,301,3,available
2159,42,162,1202,12,occupied
2160,42,163,703,7,available
2161,42,163,304,3,available
2162,42,161,705,7,occupied
2163,42,162,406,4,available
2164,42,162,1207,12,occupied
2165,42,163,308,3,maintenance
2166,42,161,1109,11,available
2167,42,162,610,6,occupied
2168,42,163,611,6,occupied
2169,42,161,112,1,available
2170,42,162,1213,12,occupied
2171,42,161,614,6,available
2172,42,161,1215,12,occupied
2173,42,162,1116,11,available
2174,42,163,517,5,available
2175,42,163,618,6,available
2176,42,162,119,1,maintenance
2177,42,162,200,2,occupied
2178,42,163,401,4,occupied
2179,42,162,1002,10,available
2180,42,162,1203,12,occupied
2181,42,163,604,6,available
2182,42,161,1105,11,occupied
2183,42,161,106,1,available
2184,42,162,507,5,maintenance
2185,42,163,408,4,maintenance
2186,42,163,109,1,available
2187,42,163,210,2,available
2188,42,162,311,3,occupied
2189,42,161,712,7,available
2190,42,163,1213,12,maintenance
2191,42,162,214,2,available
2192,42,162,1115,11,available
2193,42,161,416,4,maintenance
2194,42,162,1017,10,available
2195,43,166,600,6,available
2196,43,164,601,6,available
2197,43,165,302,3,available
2198,43,165,203,2,available
2199,43,165,804,8,available
2200,43,166,105,1,available
2201,43,165,1006,10,available
2202,43,166,107,1,available
2203,43,165,1208,12,available
2204,43,165,109,1,occupied
2205,43,164,810,8,available
2206,43,166,1111,11,available
2207,43,164,1112,11,available
2208,43,165,513,5,available
2209,43,165,414,4,available
2210,43,165,815,8,available
2211,43,164,616,6,available
2212,43,164,317,3,available
2213,43,164,218,2,available
2214,43,165,619,6,available
2215,43,165,300,3,available
2216,43,165,901,9,available
2217,43,166,102,1,available
2218,43,166,1003,10,occupied
2219,43,164,404,4,occupied
2220,43,165,605,6,occupied
2221,43,164,106,1,occupied
2222,43,164,1007,10,available
2223,43,165,1108,11,available
2224,43,164,109,1,available
2225,43,166,910,9,occupied
2226,43,166,511,5,available
2227,43,164,212,2,available
2228,43,165,813,8,available
2229,43,164,1014,10,occupied
2230,43,165,1115,11,available
2231,43,165,616,6,occupied
2232,43,166,917,9,occupied
2233,43,166,818,8,available
2234,43,166,319,3,available
2235,43,166,1200,12,available
2236,44,169,300,3,available
2237,44,168,401,4,available
2238,44,168,102,1,occupied
2239,44,168,803,8,available
2240,44,171,304,3,available
2241,44,170,805,8,occupied
2242,44,171,306,3,available
2243,44,170,207,2,available
2244,44,169,308,3,available
2245,44,171,109,1,available
2246,44,170,1210,12,maintenance
2247,44,167,1111,11,occupied
2248,44,168,212,2,available
2249,44,171,213,2,available
2250,44,170,1214,12,available
2251,44,169,1015,10,available
2252,44,167,216,2,available
2253,44,168,917,9,available
2254,44,171,918,9,available
2255,44,171,619,6,available
2256,44,170,1200,12,maintenance
2257,44,168,1201,12,available
2258,44,170,902,9,available
2259,44,167,603,6,occupied
2260,44,170,904,9,occupied
2261,44,171,405,4,available
2262,44,170,1006,10,occupied
2263,44,171,1007,10,available
2264,44,168,908,9,available
2265,44,169,109,1,available
2266,44,171,310,3,available
2267,44,170,311,3,available
2268,44,168,912,9,available
2269,44,169,913,9,available
2270,44,168,314,3,available
2271,44,168,115,1,available
2272,44,169,516,5,available
2273,44,169,1117,11,available
2274,44,168,1218,12,occupied
2275,44,167,219,2,available
2276,44,169,1000,10,available
2277,44,168,1201,12,available
2278,44,168,1202,12,available
2279,44,167,303,3,available
2280,44,168,104,1,available
2281,44,168,405,4,occupied
2282,44,168,1206,12,available
2283,44,169,307,3,available
2284,44,167,408,4,available
2285,44,168,109,1,occupied
2286,44,168,910,9,available
2287,44,169,111,1,available
2288,44,170,412,4,available
2289,44,167,613,6,occupied
2290,44,171,414,4,occupied
2291,44,170,815,8,available
2292,44,170,1016,10,available
2293,45,173,300,3,occupied
2294,45,172,1101,11,available
2295,45,176,202,2,available
2296,45,172,803,8,available
2297,45,176,104,1,occupied
2298,45,173,1005,10,occupied
2299,45,176,406,4,available
2300,45,172,507,5,available
2301,45,176,508,5,available
2302,45,175,709,7,available
2303,45,176,210,2,occupied
2304,45,173,211,2,available
2305,45,172,912,9,available
2306,45,175,913,9,occupied
2307,45,175,714,7,available
2308,45,172,715,7,available
2309,45,175,316,3,available
2310,45,176,717,7,available
2311,45,172,518,5,available
2312,45,174,519,5,available
2313,45,175,700,7,available
2314,45,173,1101,11,available
2315,45,173,1202,12,available
2316,45,175,603,6,available
2317,45,176,704,7,available
2318,45,173,305,3,occupied
2319,45,175,306,3,available
2320,45,172,207,2,available
2321,45,173,508,5,available
2322,45,175,1109,11,available
2323,45,174,1110,11,available
2324,45,174,511,5,available
2325,45,172,1112,11,available
2326,45,176,1113,11,occupied
2327,45,172,914,9,occupied
2328,45,176,1115,11,available
2329,45,176,716,7,available
2330,45,173,1217,12,available
2331,45,172,1118,11,available
2332,45,175,519,5,available
2333,45,176,600,6,occupied
2334,45,173,1201,12,maintenance
2335,45,174,802,8,maintenance
2336,45,173,603,6,available
2337,45,174,904,9,available
2338,45,173,505,5,occupied
2339,45,172,1206,12,available
2340,45,172,1207,12,occupied
2341,45,176,808,8,available
2342,45,174,1209,12,available
2343,45,175,1210,12,available
2344,45,176,1111,11,available
2345,45,174,812,8,available
2346,45,174,1213,12,occupied
2347,45,174,414,4,available
2348,45,173,715,7,available
2349,45,175,516,5,available
2350,45,176,917,9,available
2351,45,172,718,7,available
2352,45,174,319,3,available
2353,45,174,500,5,available
2354,45,176,1201,12,occupied
2355,45,176,602,6,occupied
2356,45,176,503,5,available
2357,46,178,700,7,available
2358,46,179,601,6,available
2359,46,180,502,5,occupied
2360,46,178,203,2,occupied
2361,46,178,104,1,available
2362,46,179,305,3,available
2363,46,181,206,2,available
2364,46,180,207,2,occupied
2365,46,179,108,1,maintenance
2366,46,179,1109,11,available
2367,46,178,410,4,occupied
2368,46,178,711,7,occupied
2369,46,179,612,6,occupied
2370,46,178,1213,12,occupied
2371,46,180,1014,10,available
2372,46,180,415,4,available
2373,46,177,116,1,available
2374,46,177,817,8,occupied
2375,46,179,318,3,available
2376,46,177,219,2,available
2377,46,181,800,8,available
2378,46,181,501,5,available
2379,46,178,602,6,occupied
2380,46,179,1203,12,occupied
2381,46,180,904,9,occupied
2382,46,179,505,5,occupied
2383,46,180,106,1,available
2384,46,178,1107,11,maintenance
2385,46,177,1208,12,available
2386,46,179,1209,12,occupied
2387,46,178,810,8,available
2388,46,178,1011,10,available
2389,46,179,712,7,available
2390,46,180,113,1,available
2391,46,177,1114,11,occupied
2392,46,179,315,3,occupied
2393,46,181,216,2,available
2394,46,179,617,6,available
2395,46,177,118,1,available
2396,46,178,819,8,occupied
2397,46,178,1200,12,available
2398,46,179,301,3,available
2399,46,178,202,2,available
2400,46,181,503,5,available
2401,46,181,1204,12,occupied
2402,46,178,705,7,available
2403,46,177,806,8,maintenance
2404,46,177,407,4,available
2405,46,180,1008,10,available
2406,46,178,909,9,occupied
2407,46,178,1210,12,available
2408,47,184,1200,12,available
2409,47,183,401,4,available
2410,47,184,602,6,maintenance
2411,47,183,1103,11,available
2412,47,182,304,3,available
2413,47,184,1205,12,occupied
2414,47,183,406,4,available
2415,47,182,907,9,available
2416,47,182,108,1,available
2417,47,183,1209,12,available
2418,47,182,610,6,available
2419,47,182,711,7,available
2420,47,184,612,6,maintenance
2421,47,183,713,7,available
2422,47,182,914,9,maintenance
2423,47,182,915,9,available
2424,47,184,816,8,occupied
2425,47,182,917,9,occupied
2426,47,182,718,7,available
2427,47,182,819,8,available
2428,47,183,200,2,available
2429,47,184,401,4,occupied
2430,47,184,1102,11,available
2431,47,182,1203,12,available
2432,47,183,1104,11,occupied
2433,47,184,705,7,occupied
2434,47,183,906,9,occupied
2435,47,183,807,8,available
2436,47,183,508,5,available
2437,47,182,409,4,maintenance
2438,47,182,310,3,maintenance
2439,47,184,911,9,available
2440,47,182,1012,10,available
2441,47,182,613,6,available
2442,47,184,1214,12,available
2443,47,184,1115,11,maintenance
2444,47,184,316,3,available
2445,47,183,717,7,available
2446,47,182,1018,10,maintenance
2447,47,183,419,4,available
2448,47,182,700,7,available
2449,48,187,800,8,occupied
2450,48,185,201,2,occupied
2451,48,185,902,9,available
2452,48,186,1103,11,occupied
2453,48,186,204,2,occupied
2454,48,185,805,8,available
2455,48,185,906,9,occupied
2456,48,185,1107,11,available
2457,48,185,108,1,occupied
2458,48,185,409,4,occupied
2459,48,185,710,7,available
2460,48,187,511,5,available
2461,48,185,1012,10,occupied
2462,48,186,1113,11,available
2463,48,185,614,6,occupied
2464,48,186,115,1,available
2465,48,186,1016,10,available
2466,48,185,1117,11,available
2467,48,186,218,2,available
2468,48,187,519,5,available
2469,48,187,1100,11,available
2470,48,186,501,5,available
2471,48,187,202,2,available
2472,48,186,1003,10,maintenance
2473,48,187,604,6,available
2474,48,186,605,6,occupied
2475,48,185,806,8,occupied
2476,48,185,107,1,available
2477,48,186,308,3,available
2478,48,185,1009,10,occupied
2479,48,186,210,2,available
2480,48,187,211,2,available
2481,48,185,412,4,available
2482,48,187,713,7,occupied
2483,48,187,714,7,available
2484,48,187,1115,11,available
2485,48,185,1016,10,maintenance
2486,48,186,417,4,available
2487,48,186,818,8,occupied
2488,48,185,219,2,occupied
2489,48,185,300,3,available
2490,48,186,1101,11,occupied
2491,48,186,602,6,available
2492,48,187,903,9,available
2493,48,187,904,9,available
2494,48,185,1105,11,occupied
2495,48,187,1106,11,available
2496,48,187,1207,12,available
2497,48,185,1008,10,available
2498,48,186,609,6,available
2499,48,185,910,9,available
2500,48,187,1111,11,available
2501,48,185,212,2,available
2502,48,185,213,2,available
2503,48,186,114,1,occupied
2504,48,186,715,7,available
2505,48,186,1016,10,available
2506,48,186,817,8,available
2507,48,185,118,1,available
2508,48,187,819,8,available
2509,48,186,900,9,available
2510,48,186,801,8,available
2511,48,187,802,8,available
2512,48,186,203,2,available
2513,48,185,704,7,occupied
2514,48,186,1205,12,maintenance
2515,48,186,606,6,available
2516,48,186,407,4,available
2517,48,187,408,4,available
2518,48,185,1009,10,occupied
2519,49,191,1000,10,available
2520,49,191,801,8,available
2521,49,190,302,3,available
2522,49,191,403,4,available
2523,49,188,1204,12,available
2524,49,191,1205,12,available
2525,49,190,606,6,available
2526,49,189,807,8,available
2527,49,189,708,7,available
2528,49,188,609,6,available
2529,49,190,1010,10,available
2530,49,190,711,7,available
2531,49,189,512,5,maintenance
2532,49,190,513,5,occupied
2533,49,190,1214,12,available
2534,49,188,515,5,available
2535,49,191,1016,10,occupied
2536,49,189,1017,10,available
2537,49,190,518,5,available
2538,49,190,419,4,available
2539,49,190,700,7,available
2540,49,189,301,3,available
2541,49,190,902,9,available
2542,49,191,1203,12,occupied
2543,49,190,204,2,available
2544,49,188,105,1,maintenance
2545,49,191,306,3,available
2546,49,189,207,2,occupied
2547,49,188,808,8,available
2548,49,190,409,4,available
2549,49,191,610,6,available
2550,49,189,311,3,available
2551,49,188,112,1,available
2552,49,191,513,5,available
2553,49,188,314,3,occupied
2554,49,189,1015,10,available
2555,49,188,316,3,occupied
2556,49,190,217,2,available
2557,49,188,418,4,occupied
2558,49,191,619,6,occupied
2559,49,190,900,9,occupied
2560,49,191,401,4,available
2561,49,190,1102,11,available
2562,49,191,103,1,available
2563,49,191,204,2,occupied
2564,49,189,205,2,available
2565,49,190,906,9,available
2566,50,194,700,7,available
2567,50,192,201,2,available
2568,50,194,102,1,occupied
2569,50,194,303,3,available
2570,50,195,304,3,occupied
2571,50,193,105,1,occupied
2572,50,193,506,5,available
2573,50,193,507,5,available
2574,50,192,108,1,available
2575,50,195,1209,12,available
2576,50,195,910,9,occupied
2577,50,192,911,9,occupied
2578,50,194,1212,12,occupied
2579,50,193,1013,10,occupied
2580,50,195,1014,10,maintenance
2581,50,193,1115,11,available
2582,50,195,816,8,occupied
2583,50,192,817,8,available
2584,50,192,518,5,available
2585,50,194,119,1,available
2586,50,194,100,1,available
2587,50,194,701,7,available
2588,50,193,802,8,occupied
2589,50,193,403,4,available
2590,50,193,1004,10,occupied
2591,50,192,305,3,available
2592,50,194,706,7,available
2593,50,192,407,4,available
2594,50,192,408,4,available
2595,50,193,509,5,available
2596,50,195,210,2,occupied
2597,50,192,1111,11,occupied
2598,50,195,612,6,occupied
2599,50,192,813,8,occupied
2600,50,193,814,8,available
2601,50,194,615,6,available
2602,50,192,316,3,available
2603,50,194,417,4,available
2604,50,193,418,4,occupied
2605,50,194,819,8,available
2606,50,192,400,4,available
2607,50,193,101,1,available
2608,50,194,802,8,available
2609,50,192,203,2,available
2610,50,193,304,3,available
2611,50,193,505,5,available
2612,51,196,800,8,occupied
2613,51,199,501,5,available
2614,51,199,1202,12,occupied
2615,51,196,803,8,available
2616,51,199,604,6,occupied
2617,51,199,205,2,available
2618,51,197,506,5,available
2619,51,198,1107,11,available
2620,51,199,308,3,occupied
2621,51,199,1109,11,available
2622,51,196,310,3,available
2623,51,196,1011,10,occupied
2624,51,198,712,7,available
2625,51,198,1213,12,available
2626,51,197,414,4,available
2627,51,197,815,8,available
2628,51,196,316,3,available
2629,51,196,217,2,maintenance
2630,51,196,918,9,available
2631,51,196,419,4,available
2632,51,199,1200,12,available
2633,51,196,801,8,occupied
2634,51,199,502,5,available
2635,51,197,1003,10,available
2636,51,196,1004,10,maintenance
2637,51,198,1205,12,available
2638,51,198,1206,12,occupied
2639,51,196,807,8,available
2640,51,197,308,3,occupied
2641,51,199,1209,12,available
2642,51,197,910,9,available
2643,51,197,111,1,available
2644,51,198,312,3,available
2645,51,199,313,3,available
2646,51,198,1114,11,occupied
2647,51,199,415,4,occupied
2648,51,196,1216,12,available
2649,51,197,417,4,maintenance
2650,51,198,518,5,available
2651,51,196,519,5,available
2652,51,199,900,9,available
2653,51,198,101,1,available
2654,51,196,302,3,available
2655,51,198,1003,10,available
2656,51,198,204,2,available
2657,51,198,405,4,occupied
2658,51,199,806,8,available
2659,51,197,707,7,available
2660,51,197,308,3,occupied
2661,51,198,709,7,available
2662,51,197,810,8,occupied
2663,51,199,611,6,occupied
2664,51,197,612,6,available
2665,52,201,200,2,occupied
2666,52,201,901,9,available
2667,52,202,302,3,available
2668,52,201,1003,10,occupied
2669,52,200,304,3,available
2670,52,200,205,2,available
2671,52,201,406,4,available
2672,52,202,607,6,available
2673,52,202,1208,12,available
2674,52,200,709,7,available
2675,52,202,1210,12,occupied
2676,52,202,711,7,available
2677,52,202,1212,12,available
2678,52,200,113,1,available
2679,52,200,614,6,available
2680,52,202,915,9,available
2681,52,202,916,9,available
2682,52,200,417,4,occupied
2683,52,200,1118,11,available
2684,52,200,119,1,available
2685,52,202,400,4,occupied
2686,52,200,201,2,occupied
2687,52,200,302,3,occupied
2688,52,200,303,3,occupied
2689,52,201,1204,12,available
2690,52,202,205,2,occupied
2691,52,202,306,3,occupied
2692,52,202,707,7,available
2693,52,201,508,5,occupied
2694,52,200,1009,10,available
2695,52,201,510,5,available
2696,53,204,500,5,maintenance
2697,53,203,1101,11,available
2698,53,204,302,3,available
2699,53,205,803,8,available
2700,53,205,804,8,available
2701,53,204,905,9,available
2702,53,205,706,7,available
2703,53,204,707,7,occupied
2704,53,205,208,2,available
2705,53,205,309,3,available
2706,53,205,310,3,available
2707,53,203,1211,12,occupied
2708,53,203,312,3,available
2709,53,203,113,1,available
2710,53,203,114,1,available
2711,53,205,515,5,available
2712,53,203,516,5,occupied
2713,53,205,1017,10,occupied
2714,53,205,218,2,available
2715,53,205,819,8,available
2716,53,204,1000,10,available
2717,53,205,501,5,available
2718,53,205,202,2,available
2719,53,205,1203,12,available
2720,53,205,904,9,available
2721,53,203,705,7,available
2722,53,203,1206,12,available
2723,53,203,1207,12,available
2724,53,203,608,6,occupied
2725,53,205,309,3,available
2726,53,203,910,9,available
2727,53,203,111,1,available
2728,53,203,612,6,occupied
2729,54,207,900,9,occupied
2730,54,210,1201,12,available
2731,54,208,902,9,available
2732,54,209,1003,10,available
2733,54,210,1004,10,available
2734,54,209,705,7,available
2735,54,209,306,3,occupied
2736,54,209,407,4,occupied
2737,54,207,908,9,maintenance
2738,54,207,909,9,available
2739,54,209,1110,11,occupied
2740,54,207,411,4,occupied
2741,54,209,1212,12,available
2742,54,208,1113,11,available
2743,54,210,714,7,available
2744,54,209,215,2,available
2745,54,210,516,5,maintenance
2746,54,206,117,1,maintenance
2747,54,207,318,3,available
2748,54,207,419,4,occupied
2749,54,210,300,3,available
2750,54,210,901,9,occupied
2751,54,207,602,6,occupied
2752,54,209,1203,12,available
2753,54,206,904,9,available
2754,54,206,705,7,maintenance
2755,54,209,806,8,available
2756,54,206,707,7,occupied
2757,54,208,1008,10,available
2758,54,210,909,9,available
2759,54,208,410,4,occupied
2760,54,210,311,3,available
2761,54,209,712,7,available
2762,54,210,1213,12,available
2763,54,210,714,7,available
2764,54,210,1115,11,available
2765,54,208,616,6,available
2766,54,207,1217,12,available
2767,54,207,1218,12,available
2768,54,208,1219,12,maintenance
2769,54,209,900,9,available
2770,54,207,1001,10,occupied
2771,54,210,202,2,available
2772,54,209,403,4,available
2773,54,210,1004,10,available
2774,54,207,605,6,available
2775,54,210,506,5,available
2776,55,211,800,8,occupied
2777,55,212,1001,10,occupied
2778,55,211,802,8,available
2779,55,214,303,3,occupied
2780,55,214,704,7,available
2781,55,213,205,2,occupied
2782,55,214,806,8,available
2783,55,211,907,9,occupied
2784,55,214,508,5,available
2785,55,214,509,5,available
2786,55,213,710,7,available
2787,55,212,1011,10,occupied
2788,55,213,212,2,available
2789,55,212,513,5,occupied
2790,55,213,414,4,available
2791,55,211,715,7,available
2792,55,211,516,5,available
2793,55,211,1017,10,available
2794,55,214,118,1,available
2795,55,212,219,2,occupied
2796,55,211,300,3,available
2797,55,214,101,1,available
2798,55,213,902,9,available
2799,55,211,103,1,occupied
2800,55,212,504,5,available
2801,55,213,605,6,available
2802,55,212,106,1,available
2803,55,212,1107,11,occupied
2804,55,213,808,8,available
2805,55,212,1009,10,available
2806,55,214,510,5,occupied
2807,55,211,911,9,available
2808,55,212,112,1,available
2809,55,214,613,6,occupied
2810,55,211,114,1,available
2811,55,213,1215,12,available
2812,55,214,216,2,available
2813,55,213,1117,11,available
2814,55,213,718,7,available
2815,55,213,1019,10,available
2816,55,214,900,9,available
2817,55,213,701,7,available
2818,55,211,902,9,occupied
2819,55,211,1103,11,available
2820,55,214,304,3,available
2821,55,211,105,1,available
2822,55,212,706,7,available
2823,55,211,107,1,available
2824,55,213,508,5,occupied
2825,55,213,309,3,available
2826,55,211,710,7,available
2827,55,213,711,7,available
2828,55,214,612,6,available
2829,55,211,713,7,available
2830,55,212,214,2,available
2831,55,213,1015,10,available
2832,55,214,316,3,available
2833,55,214,317,3,available
2834,55,212,218,2,available
2835,55,213,419,4,available
2836,55,213,800,8,occupied
2837,55,213,801,8,available
2838,55,214,502,5,available
2839,55,213,603,6,available
2840,55,214,604,6,available
2841,55,212,905,9,available
2842,55,211,806,8,occupied
2843,55,212,507,5,available
2844,55,213,408,4,available
2845,55,211,109,1,occupied
2846,56,216,1100,11,available
2847,56,215,201,2,occupied
2848,56,218,402,4,occupied
2849,56,216,1103,11,maintenance
2850,56,218,304,3,available
2851,56,217,905,9,available
2852,56,216,1006,10,available
2853,56,217,1207,12,available
2854,56,219,608,6,available
2855,56,219,1109,11,available
2856,56,217,310,3,occupied
2857,56,217,211,2,available
2858,56,219,612,6,available
2859,56,219,213,2,available
2860,56,215,614,6,occupied
2861,56,219,1115,11,available
2862,56,217,1016,10,available
2863,56,218,817,8,available
2864,56,218,418,4,occupied
2865,56,216,619,6,occupied
2866,56,217,800,8,occupied
2867,56,217,201,2,occupied
2868,56,218,202,2,available
2869,56,217,1203,12,occupied
2870,56,219,804,8,available
2871,56,217,1005,10,available
2872,56,217,406,4,available
2873,56,219,107,1,available
2874,56,215,908,9,available
2875,56,215,209,2,available
2876,56,216,1110,11,available
2877,56,219,311,3,available
2878,56,215,912,9,available
2879,56,219,313,3,occupied
2880,56,219,214,2,available
2881,56,216,815,8,available
2882,56,216,116,1,available
2883,56,219,717,7,available
2884,56,215,618,6,available
2885,56,218,1219,12,available
2886,56,217,1100,11,available
2887,56,217,1201,12,available
2888,56,219,102,1,available
2889,56,219,203,2,available
2890,56,218,404,4,available
2891,56,218,805,8,available
2892,56,218,806,8,occupied
2893,56,216,1007,10,occupied
2894,56,219,208,2,maintenance
2895,56,216,409,4,occupied
2896,56,216,1010,10,available
2897,56,217,711,7,available
2898,56,218,512,5,maintenance
2899,56,217,113,1,available
2900,56,219,1014,10,occupied
2901,57,220,100,1,available
2902,57,222,801,8,available
2903,57,220,902,9,occupied
2904,57,222,303,3,available
2905,57,220,904,9,available
2906,57,222,505,5,available
2907,57,222,706,7,available
2908,57,222,1007,10,occupied
2909,57,223,1008,10,available
2910,57,221,909,9,occupied
2911,57,222,810,8,available
2912,57,222,911,9,available
2913,57,220,1012,10,available
2914,57,221,213,2,available
2915,57,223,1214,12,available
2916,57,220,315,3,available
2917,57,221,1116,11,available
2918,57,223,217,2,available
2919,57,222,1018,10,available
2920,57,222,619,6,occupied
2921,57,222,400,4,available
2922,57,221,901,9,maintenance
2923,57,220,202,2,available
2924,57,221,1103,11,available
2925,57,222,704,7,occupied
2926,57,220,205,2,available
2927,57,223,906,9,available
2928,57,222,1007,10,available
2929,57,220,1208,12,occupied
2930,57,221,209,2,available
2931,57,220,610,6,available
2932,57,223,711,7,available
2933,58,226,200,2,available
2934,58,226,1201,12,available
2935,58,224,1202,12,available
2936,58,224,1103,11,available
2937,58,225,1104,11,available
2938,58,224,205,2,available
2939,58,224,106,1,available
2940,58,225,1007,10,maintenance
2941,58,226,308,3,available
2942,58,226,609,6,available
2943,58,227,110,1,available
2944,58,226,911,9,occupied
2945,58,224,112,1,available
2946,58,224,313,3,available
2947,58,227,414,4,available
2948,58,226,1215,12,occupied
2949,58,227,416,4,available
2950,58,227,317,3,occupied
2951,58,224,418,4,available
2952,58,227,1019,10,available
2953,58,226,400,4,occupied
2954,58,224,1201,12,available
2955,58,226,902,9,available
2956,58,227,203,2,available
2957,58,226,804,8,available
2958,58,224,1105,11,available
2959,58,227,706,7,available
2960,58,227,1007,10,available
2961,58,226,208,2,available
2962,58,226,409,4,available
2963,58,224,1110,11,available
2964,58,225,811,8,available
2965,58,227,112,1,occupied
2966,58,227,1113,11,available
2967,58,224,614,6,occupied
2968,58,226,315,3,available
2969,58,227,516,5,available
2970,58,227,217,2,available
2971,58,224,1018,10,maintenance
2972,58,227,619,6,available
2973,58,225,600,6,available
2974,58,226,701,7,occupied
2975,58,224,602,6,maintenance
2976,58,224,403,4,available
2977,59,228,300,3,available
2978,59,228,101,1,available
2979,59,229,702,7,available
2980,59,228,903,9,occupied
2981,59,229,1104,11,available
2982,59,229,805,8,available
2983,59,230,406,4,available
2984,59,228,107,1,available
2985,59,230,108,1,available
2986,59,229,509,5,available
2987,59,230,1010,10,available
2988,59,230,111,1,available
2989,59,228,912,9,available
2990,59,229,1013,10,available
2991,59,229,614,6,occupied
2992,59,229,215,2,occupied
2993,59,228,616,6,available
2994,59,229,317,3,occupied
2995,59,228,818,8,available
2996,59,228,119,1,available
2997,59,229,900,9,maintenance
2998,59,228,201,2,occupied
2999,59,229,1202,12,occupied
3000,59,228,403,4,available
3001,59,228,1004,10,available
3002,59,230,205,2,available
3003,59,228,906,9,available
3004,59,230,1207,12,available
3005,59,230,408,4,occupied
3006,59,228,709,7,available
3007,59,229,810,8,available
3008,59,229,211,2,available
3009,59,228,1012,10,available
3010,59,228,613,6,available
3011,59,230,714,7,maintenance
3012,59,228,915,9,available
3013,59,228,616,6,available
3014,59,228,117,1,occupied
3015,59,228,1118,11,occupied
3016,59,228,219,2,available
3017,59,230,1100,11,available
3018,59,229,301,3,available
3019,59,229,202,2,available
3020,59,230,1203,12,available
3021,59,230,1204,12,available
3022,59,230,405,4,available
3023,59,229,406,4,occupied
3024,59,230,207,2,available
3025,59,229,1208,12,available
3026,59,228,1109,11,occupied
3027,59,228,510,5,available
3028,59,229,111,1,available
3029,59,230,912,9,available
3030,59,230,713,7,maintenance
3031,59,230,714,7,available
3032,59,228,615,6,available
3033,59,229,516,5,occupied
3034,59,228,517,5,available
3035,59,230,1118,11,available
3036,59,228,719,7,available
3037,59,230,1000,10,available
3038,59,228,501,5,available
3039,59,229,202,2,available
3040,59,228,103,1,available
3041,60,234,800,8,available
3042,60,232,101,1,occupied
3043,60,232,102,1,available
3044,60,233,403,4,available
3045,60,234,1204,12,available
3046,60,233,405,4,available
3047,60,231,106,1,available
3048,60,234,1007,10,available
3049,60,231,208,2,available
3050,60,232,609,6,maintenance
3051,60,231,110,1,occupied
3052,60,232,1011,10,available
3053,60,232,112,1,available
3054,60,232,313,3,available
3055,60,232,914,9,occupied
3056,60,231,1215,12,available
3057,60,231,1116,11,available
3058,60,232,317,3,available
3059,60,233,618,6,occupied
3060,60,233,1219,12,available
3061,60,231,800,8,available
3062,60,232,901,9,occupied
3063,60,231,802,8,occupied
3064,60,234,503,5,available
3065,60,234,104,1,maintenance
3066,60,232,405,4,occupied
3067,60,233,306,3,available
3068,60,232,207,2,available
3069,60,231,308,3,available
3070,60,232,1009,10,available
3071,60,231,310,3,maintenance
3072,60,231,1011,10,available
3073,60,234,812,8,occupied
3074,60,234,1013,10,available
3075,60,232,714,7,available
3076,60,233,615,6,available
3077,60,232,816,8,available
3078,60,234,1017,10,occupied
3079,60,231,1118,11,available
