pricing_id,room_type_id,season_name,start_date,end_date,price_multiplier
1,1,Peak,2025-06-01,2025-08-31,1.35
2,1,Holiday,2025-12-16,2026-01-15,1.6
3,1,Regular,2025-09-01,2025-10-31,1.0
4,2,Holiday,2025-12-16,2026-01-15,1.6
5,2,Peak,2025-06-01,2025-08-31,1.35
6,2,Regular,2025-03-02,2025-05-31,1.0
7,3,Off-Peak,2025-11-01,2025-12-15,0.85
8,3,Peak,2025-06-01,2025-08-31,1.35
9,3,Regular,2025-03-02,2025-05-31,1.0
10,4,Regular,2025-03-02,2025-05-31,1.0
11,4,Holiday,2025-12-16,2026-01-15,1.6
12,4,Peak,2025-06-01,2025-08-31,1.35
13,5,Off-Peak,2025-01-15,2025-03-01,0.85
14,5,Peak,2025-06-01,2025-08-31,1.35
15,5,Regular,2025-03-02,2025-05-31,1.0
16,6,Regular,2025-03-02,2025-05-31,1.0
17,6,Holiday,2025-12-16,2026-01-15,1.6
18,6,Off-Peak,2025-11-01,2025-12-15,0.85
19,7,Holiday,2025-12-16,2026-01-15,1.6
20,7,Off-Peak,2025-01-15,2025-03-01,0.85
21,7,Regular,2025-09-01,2025-10-31,1.0
22,8,Regular,2025-03-02,2025-05-31,1.0
23,8,Peak,2025-06-01,2025-08-31,1.35
24,8,Holiday,2025-12-16,2026-01-15,1.6
25,9,Regular,2025-09-01,2025-10-31,1.0
26,9,Off-Peak,2025-01-15,2025-03-01,0.85
27,9,Peak,2025-06-01,2025-08-31,1.35
28,10,Regular,2025-03-02,2025-05-31,1.0
29,10,Peak,2025-06-01,2025-08-31,1.35
30,10,Off-Peak,2025-11-01,2025-12-15,0.85
31,11,Regular,2025-03-02,2025-05-31,1.0
32,11,Peak,2025-06-01,2025-08-31,1.35
33,11,Holiday,2025-12-16,2026-01-15,1.6
34,12,Holiday,2025-12-16,2026-01-15,1.6
35,12,Off-Peak,2025-01-15,2025-03-01,0.85
36,12,Regular,2025-09-01,2025-10-31,1.0
37,13,Holiday,2025-12-16,2026-01-15,1.6
38,13,Off-Peak,2025-11-01,2025-12-15,0.85
39,13,Peak,2025-06-01,2025-08-31,1.35
40,14,Off-Peak,2025-01-15,2025-03-01,0.85
41,14,Holiday,2025-12-16,2026-01-15,1.6
42,14,Peak,2025-06-01,2025-08-31,1.35
43,15,Regular,2025-03-02,2025-05-31,1.0
44,15,Off-Peak,2025-01-15,2025-03-01,0.85
45,15,Holiday,2025-12-16,2026-01-15,1.6
46,16,Regular,2025-03-02,2025-05-31,1.0
47,16,Holiday,2025-12-16,2026-01-15,1.6
48,16,Peak,2025-06-01,2025-08-31,1.35
49,17,Holiday,2025-12-16,2026-01-15,1.6
50,17,Off-Peak,2025-01-15,2025-03-01,0.85
51,17,Peak,2025-06-01,2025-08-31,1.35
52,18,Holiday,2025-12-16,2026-01-15,1.6
53,18,Regular,2025-09-01,2025-10-31,1.0
54,18,Off-Peak,2025-11-01,2025-12-15,0.85
55,19,Holiday,2025-12-16,2026-01-15,1.6
56,19,Off-Peak,2025-11-01,2025-12-15,0.85
57,19,Regular,2025-09-01,2025-10-31,1.0
58,20,Regular,2025-03-02,2025-05-31,1.0
59,20,Holiday,2025-12-16,2026-01-15,1.6
60,20,Peak,2025-06-01,2025-08-31,1.35
61,21,Off-Peak,2025-01-15,2025-03-01,0.85
62,21,Peak,2025-06-01,2025-08-31,1.35
63,21,Regular,2025-03-02,2025-05-31,1.0
64,22,Regular,2025-03-02,2025-05-31,1.0
65,22,Holiday,2025-12-16,2026-01-15,1.6
66,22,Peak,2025-06-01,2025-08-31,1.35
67,23,Regular,2025-03-02,2025-05-31,1.0
68,23,Off-Peak,2025-01-15,2025-03-01,0.85
69,23,Peak,2025-06-01,2025-08-31,1.35
70,24,Off-Peak,2025-11-01,2025-12-15,0.85
71,24,Holiday,2025-12-16,2026-01-15,1.6
72,24,Regular,2025-09-01,2025-10-31,1.0
73,25,Peak,2025-06-01,2025-08-31,1.35
74,25,Off-Peak,2025-11-01,2025-12-15,0.85
75,25,Holiday,2025-12-16,2026-01-15,1.6
76,26,Peak,2025-06-01,2025-08-31,1.35
77,26,Regular,2025-09-01,2025-10-31,1.0
78,26,Off-Peak,2025-01-15,2025-03-01,0.85
79,27,Holiday,2025-12-16,2026-01-15,1.6
80,27,Regular,2025-09-01,2025-10-31,1.0
81,27,Peak,2025-06-01,2025-08-31,1.35
82,28,Off-Peak,2025-11-01,2025-12-15,0.85
83,28,Regular,2025-09-01,2025-10-31,1.0
84,28,Holiday,2025-12-16,2026-01-15,1.6
85,29,Off-Peak,2025-01-15,2025-03-01,0.85
86,29,Regular,2025-09-01,2025-10-31,1.0
87,29,Peak,2025-06-01,2025-08-31,1.35
88,30,Peak,2025-06-01,2025-08-31,1.35
89,30,Off-Peak,2025-01-15,2025-03-01,0.85
90,30,Regular,2025-09-01,2025-10-31,1.0
91,31,Regular,2025-03-02,2025-05-31,1.0
92,31,Off-Peak,2025-01-15,2025-03-01,0.85
93,31,Holiday,2025-12-16,2026-01-15,1.6
94,32,Peak,2025-06-01,2025-08-31,1.35
95,32,Holiday,2025-12-16,2026-01-15,1.6
96,32,Off-Peak,2025-11-01,2025-12-15,0.85
97,33,Peak,2025-06-01,2025-08-31,1.35
98,33,Off-Peak,2025-01-15,2025-03-01,0.85
99,33,Regular,2025-09-01,2025-10-31,1.0
100,34,Peak,2025-06-01,2025-08-31,1.35
101,34,Regular,2025-09-01,2025-10-31,1.0
102,34,Holiday,2025-12-16,2026-01-15,1.6
103,35,Holiday,2025-12-16,2026-01-15,1.6
104,35,Peak,2025-06-01,2025-08-31,1.35
105,35,Off-Peak,2025-11-01,2025-12-15,0.85
106,36,Peak,2025-06-01,2025-08-31,1.35
107,36,Holiday,2025-12-16,2026-01-15,1.6
108,36,Off-Peak,2025-11-01,2025-12-15,0.85
109,37,Off-Peak,2025-01-15,2025-03-01,0.85
110,37,Regular,2025-03-02,2025-05-31,1.0
111,37,Peak,2025-06-01,2025-08-31,1.35
112,38,Peak,2025-06-01,2025-08-31,1.35
113,38,Off-Peak,2025-11-01,2025-12-15,0.85
114,38,Holiday,2025-12-16,2026-01-15,1.6
115,39,Peak,2025-06-01,2025-08-31,1.35
116,39,Holiday,2025-12-16,2026-01-15,1.6
117,39,Regular,2025-03-02,2025-05-31,1.0
118,40,Off-Peak,2025-01-15,2025-03-01,0.85
119,40,Regular,2025-09-01,2025-10-31,1.0
120,40,Peak,2025-06-01,2025-08-31,1.35
121,41,Off-Peak,2025-11-01,2025-12-15,0.85
122,41,Peak,2025-06-01,2025-08-31,1.35
123,41,Holiday,2025-12-16,2026-01-15,1.6
124,42,Holiday,2025-12-16,2026-01-15,1.6
125,42,Off-Peak,2025-11-01,2025-12-15,0.85
126,42,Regular,2025-03-02,2025-05-31,1.0
127,43,Peak,2025-06-01,2025-08-31,1.35
128,43,Off-Peak,2025-11-01,2025-12-15,0.85
129,43,Regular,2025-03-02,2025-05-31,1.0
130,44,Holiday,2025-12-16,2026-01-15,1.6
131,44,Off-Peak,2025-01-15,2025-03-01,0.85
132,44,Regular,2025-09-01,2025-10-31,1.0
133,45,Peak,2025-06-01,2025-08-31,1.35
134,45,Regular,2025-09-01,2025-10-31,1.0
135,45,Holiday,2025-12-16,2026-01-15,1.6
136,46,Holiday,2025-12-16,2026-01-15,1.6
137,46,Off-Peak,2025-11-01,2025-12-15,0.85
138,46,Regular,2025-09-01,2025-10-31,1.0
139,47,Off-Peak,2025-01-15,2025-03-01,0.85
140,47,Peak,2025-06-01,2025-08-31,1.35
141,47,Regular,2025-03-02,2025-05-31,1.0
142,48,Holiday,2025-12-16,2026-01-15,1.6
143,48,Regular,2025-03-02,2025-05-31,1.0
144,48,Off-Peak,2025-11-01,2025-12-15,0.85
145,49,Peak,2025-06-01,2025-08-31,1.35
146,49,Off-Peak,2025-01-15,2025-03-01,0.85
147,49,Regular,2025-09-01,2025-10-31,1.0
148,50,Regular,2025-09-01,2025-10-31,1.0
149,50,Holiday,2025-12-16,2026-01-15,1.6
150,50,Peak,2025-06-01,2025-08-31,1.35
151,51,Off-Peak,2025-11-01,2025-12-15,0.85
152,51,Holiday,2025-12-16,2026-01-15,1.6
153,51,Peak,2025-06-01,2025-08-31,1.35
154,52,Regular,2025-09-01,2025-10-31,1.0
155,52,Off-Peak,2025-11-01,2025-12-15,0.85
156,52,Peak,2025-06-01,2025-08-31,1.35
157,53,Regular,2025-09-01,2025-10-31,1.0
158,53,Off-Peak,2025-01-15,2025-03-01,0.85
159,53,Holiday,2025-12-16,2026-01-15,1.6
160,54,Regular,2025-09-01,2025-10-31,1.0
161,54,Peak,2025-06-01,2025-08-31,1.35
162,54,Off-Peak,2025-11-01,2025-12-15,0.85
163,55,Peak,2025-06-01,2025-08-31,1.35
164,55,Off-Peak,2025-11-01,2025-12-15,0.85
165,55,Holiday,2025-12-16,2026-01-15,1.6
166,56,Regular,2025-03-02,2025-05-31,1.0
167,56,Peak,2025-06-01,2025-08-31,1.35
168,56,Holiday,2025-12-16,2026-01-15,1.6
169,57,Regular,2025-03-02,2025-05-31,1.0
170,57,Peak,2025-06-01,2025-08-31,1.35
171,57,Holiday,2025-12-16,2026-01-15,1.6
172,58,Holiday,2025-12-16,2026-01-15,1.6
173,58,Regular,2025-09-01,2025-10-31,1.0
174,58,Off-Peak,2025-01-15,2025-03-01,0.85
175,59,Peak,2025-06-01,2025-08-31,1.35
176,59,Holiday,2025-12-16,2026-01-15,1.6
177,59,Off-Peak,2025-11-01,2025-12-15,0.85
178,60,Off-Peak,2025-01-15,2025-03-01,0.85
179,60,Regular,2025-09-01,2025-10-31,1.0
180,60,Peak,2025-06-01,2025-08-31,1.35
181,61,Off-Peak,2025-01-15,2025-03-01,0.85
182,61,Regular,2025-03-02,2025-05-31,1.0
183,61,Peak,2025-06-01,2025-08-31,1.35
184,62,Off-Peak,2025-01-15,2025-03-01,0.85
185,62,Regular,2025-09-01,2025-10-31,1.0
186,62,Holiday,2025-12-16,2026-01-15,1.6
187,63,Regular,2025-03-02,2025-05-31,1.0
188,63,Peak,2025-06-01,2025-08-31,1.35
189,63,Off-Peak,2025-01-15,2025-03-01,0.85
190,64,Regular,2025-03-02,2025-05-31,1.0
191,64,Holiday,2025-12-16,2026-01-15,1.6
192,64,Peak,2025-06-01,2025-08-31,1.35
193,65,Off-Peak,2025-11-01,2025-12-15,0.85
194,65,Regular,2025-09-01,2025-10-31,1.0
195,65,Holiday,2025-12-16,2026-01-15,1.6
196,66,Regular,2025-03-02,2025-05-31,1.0
197,66,Holiday,2025-12-16,2026-01-15,1.6
198,66,Peak,2025-06-01,2025-08-31,1.35
199,67,Regular,2025-09-01,2025-10-31,1.0
200,67,Off-Peak,2025-11-01,2025-12-15,0.85
201,67,Peak,2025-06-01,2025-08-31,1.35
202,68,Off-Peak,2025-11-01,2025-12-15,0.85
203,68,Regular,2025-09-01,2025-10-31,1.0
204,68,Peak,2025-06-01,2025-08-31,1.35
205,69,Holiday,2025-12-16,2026-01-15,1.6
206,69,Peak,2025-06-01,2025-08-31,1.35
207,69,Off-Peak,2025-11-01,2025-12-15,0.85
208,70,Regular,2025-09-01,2025-10-31,1.0
209,70,Off-Peak,2025-01-15,2025-03-01,0.85
210,70,Holiday,2025-12-16,2026-01-15,1.6
211,71,Regular,2025-03-02,2025-05-31,1.0
212,71,Peak,2025-06-01,2025-08-31,1.35
213,71,Holiday,2025-12-16,2026-01-15,1.6
214,72,Off-Peak,2025-11-01,2025-12-15,0.85
215,72,Regular,2025-09-01,2025-10-31,1.0
216,72,Holiday,2025-12-16,2026-01-15,1.6
217,73,Holiday,2025-12-16,2026-01-15,1.6
218,73,Peak,2025-06-01,2025-08-31,1.35
219,73,Regular,2025-03-02,2025-05-31,1.0
220,74,Peak,2025-06-01,2025-08-31,1.35
221,74,Holiday,2025-12-16,2026-01-15,1.6
222,74,Off-Peak,2025-11-01,2025-12-15,0.85
223,75,Regular,2025-09-01,2025-10-31,1.0
224,75,Peak,2025-06-01,2025-08-31,1.35
225,75,Off-Peak,2025-01-15,2025-03-01,0.85
226,76,Holiday,2025-12-16,2026-01-15,1.6
227,76,Off-Peak,2025-01-15,2025-03-01,0.85
228,76,Peak,2025-06-01,2025-08-31,1.35
229,77,Holiday,2025-12-16,2026-01-15,1.6
230,77,Peak,2025-06-01,2025-08-31,1.35
231,77,Regular,2025-03-02,2025-05-31,1.0
232,78,Regular,2025-03-02,2025-05-31,1.0
233,78,Off-Peak,2025-11-01,2025-12-15,0.85
234,78,Peak,2025-06-01,2025-08-31,1.35
235,79,Holiday,2025-12-16,2026-01-15,1.6
236,79,Off-Peak,2025-01-15,2025-03-01,0.85
237,79,Peak,2025-06-01,2025-08-31,1.35
238,80,Peak,2025-06-01,2025-08-31,1.35
239,80,Holiday,2025-12-16,2026-01-15,1.6
240,80,Regular,2025-09-01,2025-10-31,1.0
241,81,Regular,2025-03-02,2025-05-31,1.0
242,81,Peak,2025-06-01,2025-08-31,1.35
243,81,Holiday,2025-12-16,2026-01-15,1.6
244,82,Off-Peak,2025-01-15,2025-03-01,0.85
245,82,Holiday,2025-12-16,2026-01-15,1.6
246,82,Regular,2025-03-02,2025-05-31,1.0
247,83,Holiday,2025-12-16,2026-01-15,1.6
248,83,Off-Peak,2025-11-01,2025-12-15,0.85
249,83,Peak,2025-06-01,2025-08-31,1.35
250,84,Regular,2025-03-02,2025-05-31,1.0
251,84,Off-Peak,2025-01-15,2025-03-01,0.85
252,84,Peak,2025-06-01,2025-08-31,1.35
253,85,Off-Peak,2025-01-15,2025-03-01,0.85
254,85,Regular,2025-09-01,2025-10-31,1.0
255,85,Holiday,2025-12-16,2026-01-15,1.6
256,86,Peak,2025-06-01,2025-08-31,1.35
257,86,Regular,2025-09-01,2025-10-31,1.0
258,86,Holiday,2025-12-16,2026-01-15,1.6
259,87,Regular,2025-09-01,2025-10-31,1.0
260,87,Peak,2025-06-01,2025-08-31,1.35
261,87,Holiday,2025-12-16,2026-01-15,1.6
262,88,Off-Peak,2025-11-01,2025-12-15,0.85
263,88,Holiday,2025-12-16,2026-01-15,1.6
264,88,Peak,2025-06-01,2025-08-31,1.35
265,89,Regular,2025-03-02,2025-05-31,1.0
266,89,Peak,2025-06-01,2025-08-31,1.35
267,89,Holiday,2025-12-16,2026-01-15,1.6
268,90,Off-Peak,2025-11-01,2025-12-15,0.85
269,90,Holiday,2025-12-16,2026-01-15,1.6
270,90,Peak,2025-06-01,2025-08-31,1.35
271,91,Off-Peak,2025-11-01,2025-12-15,0.85
272,91,Holiday,2025-12-16,2026-01-15,1.6
273,91,Regular,2025-03-02,2025-05-31,1.0
274,92,Regular,2025-09-01,2025-10-31,1.0
275,92,Peak,2025-06-01,2025-08-31,1.35
276,92,Holiday,2025-12-16,2026-01-15,1.6
277,93,Peak,2025-06-01,2025-08-31,1.35
278,93,Off-Peak,2025-01-15,2025-03-01,0.85
279,93,Regular,2025-09-01,2025-10-31,1.0
280,94,Off-Peak,2025-01-15,2025-03-01,0.85
281,94,Regular,2025-09-01,2025-10-31,1.0
282,94,Peak,2025-06-01,2025-08-31,1.35
283,95,Off-Peak,2025-11-01,2025-12-15,0.85
284,95,Peak,2025-06-01,2025-08-31,1.35
285,95,Regular,2025-03-02,2025-05-31,1.0
286,96,Regular,2025-03-02,2025-05-31,1.0
287,96,Holiday,2025-12-16,2026-01-15,1.6
288,96,Peak,2025-06-01,2025-08-31,1.35
289,97,Holiday,2025-12-16,2026-01-15,1.6
290,97,Regular,2025-09-01,2025-10-31,1.0
291,97,Off-Peak,2025-11-01,2025-12-15,0.85
292,98,Holiday,2025-12-16,2026-01-15,1.6
293,98,Off-Peak,2025-01-15,2025-03-01,0.85
294,98,Peak,2025-06-01,2025-08-31,1.35
295,99,Off-Peak,2025-11-01,2025-12-15,0.85
296,99,Regular,2025-09-01,2025-10-31,1.0
297,99,Peak,2025-06-01,2025-08-31,1.35
298,100,Off-Peak,2025-11-01,2025-12-15,0.85
299,100,Holiday,2025-12-16,2026-01-15,1.6
300,100,Regular,2025-03-02,2025-05-31,1.0
301,101,Regular,2025-09-01,2025-10-31,1.0
302,101,Peak,2025-06-01,2025-08-31,1.35
303,101,Off-Peak,2025-11-01,2025-12-15,0.85
304,102,Regular,2025-03-02,2025-05-31,1.0
305,102,Off-Peak,2025-01-15,2025-03-01,0.85
306,102,Holiday,2025-12-16,2026-01-15,1.6
307,103,Holiday,2025-12-16,2026-01-15,1.6
308,103,Regular,2025-09-01,2025-10-31,1.0
309,103,Off-Peak,2025-01-15,2025-03-01,0.85
310,104,Regular,2025-03-02,2025-05-31,1.0
311,104,Holiday,2025-12-16,2026-01-15,1.6
312,104,Peak,2025-06-01,2025-08-31,1.35
313,105,Peak,2025-06-01,2025-08-31,1.35
314,105,Holiday,2025-12-16,2026-01-15,1.6
315,105,Regular,2025-09-01,2025-10-31,1.0
316,106,Holiday,2025-12-16,2026-01-15,1.6
317,106,Peak,2025-06-01,2025-08-31,1.35
318,106,Off-Peak,2025-01-15,2025-03-01,0.85
319,107,Peak,2025-06-01,2025-08-31,1.35
320,107,Off-Peak,2025-01-15,2025-03-01,0.85
321,107,Holiday,2025-12-16,2026-01-15,1.6
322,108,Peak,2025-06-01,2025-08-31,1.35
323,108,Holiday,2025-12-16,2026-01-15,1.6
324,108,Off-Peak,2025-01-15,2025-03-01,0.85
325,109,Regular,2025-03-02,2025-05-31,1.0
326,109,Peak,2025-06-01,2025-08-31,1.35
327,109,Off-Peak,2025-11-01,2025-12-15,0.85
328,110,Off-Peak,2025-01-15,2025-03-01,0.85
329,110,Holiday,2025-12-16,2026-01-15,1.6
330,110,Peak,2025-06-01,2025-08-31,1.35
331,111,Off-Peak,2025-11-01,2025-12-15,0.85
332,111,Peak,2025-06-01,2025-08-31,1.35
333,111,Regular,2025-03-02,2025-05-31,1.0
334,112,Peak,2025-06-01,2025-08-31,1.35
335,112,Holiday,2025-12-16,2026-01-15,1.6
336,112,Off-Peak,2025-01-15,2025-03-01,0.85
337,113,Regular,2025-03-02,2025-05-31,1.0
338,113,Holiday,2025-12-16,2026-01-15,1.6
339,113,Off-Peak,2025-11-01,2025-12-15,0.85
340,114,Peak,2025-06-01,2025-08-31,1.35
341,114,Off-Peak,2025-01-15,2025-03-01,0.85
342,114,Regular,2025-09-01,2025-10-31,1.0
343,115,Peak,2025-06-01,2025-08-31,1.35
344,115,Holiday,2025-12-16,2026-01-15,1.6
345,115,Regular,2025-03-02,2025-05-31,1.0
346,116,Peak,2025-06-01,2025-08-31,1.35
347,116,Off-Peak,2025-01-15,2025-03-01,0.85
348,116,Regular,2025-03-02,2025-05-31,1.0
349,117,Regular,2025-03-02,2025-05-31,1.0
350,117,Holiday,2025-12-16,2026-01-15,1.6
351,117,Off-Peak,2025-11-01,2025-12-15,0.85
352,118,Holiday,2025-12-16,2026-01-15,1.6
353,118,Peak,2025-06-01,2025-08-31,1.35
354,118,Off-Peak,2025-01-15,2025-03-01,0.85
355,119,Off-Peak,2025-11-01,2025-12-15,0.85
356,119,Peak,2025-06-01,2025-08-31,1.35
357,119,Regular,2025-03-02,2025-05-31,1.0
358,120,Off-Peak,2025-01-15,2025-03-01,0.85
359,120,Regular,2025-03-02,2025-05-31,1.0
360,120,Peak,2025-06-01,2025-08-31,1.35
361,121,Holiday,2025-12-16,2026-01-15,1.6
362,121,Regular,2025-09-01,2025-10-31,1.0
363,121,Off-Peak,2025-11-01,2025-12-15,0.85
364,122,Regular,2025-03-02,2025-05-31,1.0
365,122,Peak,2025-06-01,2025-08-31,1.35
366,122,Holiday,2025-12-16,2026-01-15,1.6
367,123,Peak,2025-06-01,2025-08-31,1.35
368,123,Regular,2025-03-02,2025-05-31,1.0
369,123,Holiday,2025-12-16,2026-01-15,1.6
370,124,Regular,2025-09-01,2025-10-31,1.0
371,124,Off-Peak,2025-11-01,2025-12-15,0.85
372,124,Peak,2025-06-01,2025-08-31,1.35
373,125,Off-Peak,2025-11-01,2025-12-15,0.85
374,125,Holiday,2025-12-16,2026-01-15,1.6
375,125,Peak,2025-06-01,2025-08-31,1.35
376,126,Regular,2025-03-02,2025-05-31,1.0
377,126,Peak,2025-06-01,2025-08-31,1.35
378,126,Off-Peak,2025-11-01,2025-12-15,0.85
379,127,Off-Peak,2025-01-15,2025-03-01,0.85
380,127,Holiday,2025-12-16,2026-01-15,1.6
381,127,Regular,2025-03-02,2025-05-31,1.0
382,128,Regular,2025-03-02,2025-05-31,1.0
383,128,Peak,2025-06-01,2025-08-31,1.35
384,128,Holiday,2025-12-16,2026-01-15,1.6
385,129,Regular,2025-03-02,2025-05-31,1.0
386,129,Off-Peak,2025-01-15,2025-03-01,0.85
387,129,Holiday,2025-12-16,2026-01-15,1.6
388,130,Regular,2025-09-01,2025-10-31,1.0
389,130,Holiday,2025-12-16,2026-01-15,1.6
390,130,Peak,2025-06-01,2025-08-31,1.35
391,131,Off-Peak,2025-11-01,2025-12-15,0.85
392,131,Regular,2025-03-02,2025-05-31,1.0
393,131,Peak,2025-06-01,2025-08-31,1.35
394,132,Holiday,2025-12-16,2026-01-15,1.6
395,132,Off-Peak,2025-01-15,2025-03-01,0.85
396,132,Peak,2025-06-01,2025-08-31,1.35
397,133,Holiday,2025-12-16,2026-01-15,1.6
398,133,Regular,2025-03-02,2025-05-31,1.0
399,133,Peak,2025-06-01,2025-08-31,1.35
400,134,Off-Peak,2025-01-15,2025-03-01,0.85
401,134,Peak,2025-06-01,2025-08-31,1.35
402,134,Regular,2025-03-02,2025-05-31,1.0
403,135,Regular,2025-03-02,2025-05-31,1.0
404,135,Peak,2025-06-01,2025-08-31,1.35
405,135,Holiday,2025-12-16,2026-01-15,1.6
406,136,Holiday,2025-12-16,2026-01-15,1.6
407,136,Off-Peak,2025-01-15,2025-03-01,0.85
408,136,Regular,2025-09-01,2025-10-31,1.0
409,137,Off-Peak,2025-01-15,2025-03-01,0.85
410,137,Regular,2025-03-02,2025-05-31,1.0
411,137,Peak,2025-06-01,2025-08-31,1.35
412,138,Holiday,2025-12-16,2026-01-15,1.6
413,138,Regular,2025-09-01,2025-10-31,1.0
414,138,Peak,2025-06-01,2025-08-31,1.35
415,139,Off-Peak,2025-11-01,2025-12-15,0.85
416,139,Regular,2025-09-01,2025-10-31,1.0
417,139,Holiday,2025-12-16,2026-01-15,1.6
418,140,Off-Peak,2025-01-15,2025-03-01,0.85
419,140,Regular,2025-03-02,2025-05-31,1.0
420,140,Holiday,2025-12-16,2026-01-15,1.6
421,141,Peak,2025-06-01,2025-08-31,1.35
422,141,Regular,2025-03-02,2025-05-31,1.0
423,141,Off-Peak,2025-01-15,2025-03-01,0.85
424,142,Regular,2025-03-02,2025-05-31,1.0
425,142,Off-Peak,2025-01-15,2025-03-01,0.85
426,142,Peak,2025-06-01,2025-08-31,1.35
427,143,Holiday,2025-12-16,2026-01-15,1.6
428,143,Off-Peak,2025-11-01,2025-12-15,0.85
429,143,Peak,2025-06-01,2025-08-31,1.35
430,144,Peak,2025-06-01,2025-08-31,1.35
431,144,Holiday,2025-12-16,2026-01-15,1.6
432,144,Off-Peak,2025-01-15,2025-03-01,0.85
433,145,Holiday,2025-12-16,2026-01-15,1.6
434,145,Regular,2025-03-02,2025-05-31,1.0
435,145,Off-Peak,2025-11-01,2025-12-15,0.85
436,146,Peak,2025-06-01,2025-08-31,1.35
437,146,Holiday,2025-12-16,2026-01-15,1.6
438,146,Regular,2025-03-02,2025-05-31,1.0
439,147,Peak,2025-06-01,2025-08-31,1.35
440,147,Holiday,2025-12-16,2026-01-15,1.6
441,147,Regular,2025-03-02,2025-05-31,1.0
442,148,Regular,2025-09-01,2025-10-31,1.0
443,148,Peak,2025-06-01,2025-08-31,1.35
444,148,Holiday,2025-12-16,2026-01-15,1.6
445,149,Off-Peak,2025-01-15,2025-03-01,0.85
446,149,Regular,2025-09-01,2025-10-31,1.0
447,149,Peak,2025-06-01,2025-08-31,1.35
448,150,Regular,2025-03-02,2025-05-31,1.0
449,150,Off-Peak,2025-11-01,2025-12-15,0.85
450,150,Peak,2025-06-01,2025-08-31,1.35
451,151,Off-Peak,2025-01-15,2025-03-01,0.85
452,151,Holiday,2025-12-16,2026-01-15,1.6
453,151,Peak,2025-06-01,2025-08-31,1.35
454,152,Off-Peak,2025-11-01,2025-12-15,0.85
455,152,Holiday,2025-12-16,2026-01-15,1.6
456,152,Regular,2025-03-02,2025-05-31,1.0
457,153,Peak,2025-06-01,2025-08-31,1.35
458,153,Off-Peak,2025-01-15,2025-03-01,0.85
459,153,Regular,2025-03-02,2025-05-31,1.0
460,154,Off-Peak,2025-01-15,2025-03-01,0.85
461,154,Peak,2025-06-01,2025-08-31,1.35
462,154,Regular,2025-09-01,2025-10-31,1.0
463,155,Regular,2025-09-01,2025-10-31,1.0
464,155,Off-Peak,2025-01-15,2025-03-01,0.85
465,155,Peak,2025-06-01,2025-08-31,1.35
466,156,Off-Peak,2025-11-01,2025-12-15,0.85
467,156,Regular,2025-09-01,2025-10-31,1.0
468,156,Peak,2025-06-01,2025-08-31,1.35
469,157,Peak,2025-06-01,2025-08-31,1.35
470,157,Regular,2025-03-02,2025-05-31,1.0
471,157,Off-Peak,2025-01-15,2025-03-01,0.85
472,158,Holiday,2025-12-16,2026-01-15,1.6
473,158,Off-Peak,2025-01-15,2025-03-01,0.85
474,158,Regular,2025-09-01,2025-10-31,1.0
475,159,Regular,2025-09-01,2025-10-31,1.0
476,159,Peak,2025-06-01,2025-08-31,1.35
477,159,Holiday,2025-12-16,2026-01-15,1.6
478,160,Holiday,2025-12-16,2026-01-15,1.6
479,160,Off-Peak,2025-01-15,2025-03-01,0.85
480,160,Regular,2025-09-01,2025-10-31,1.0
481,161,Holiday,2025-12-16,2026-01-15,1.6
482,161,Off-Peak,2025-01-15,2025-03-01,0.85
483,161,Regular,2025-03-02,2025-05-31,1.0
484,162,Holiday,2025-12-16,2026-01-15,1.6
485,162,Off-Peak,2025-01-15,2025-03-01,0.85
486,162,Regular,2025-09-01,2025-10-31,1.0
487,163,Holiday,2025-12-16,2026-01-15,1.6
488,163,Peak,2025-06-01,2025-08-31,1.35
489,163,Regular,2025-09-01,2025-10-31,1.0
490,164,Holiday,2025-12-16,2026-01-15,1.6
491,164,Off-Peak,2025-11-01,2025-12-15,0.85
492,164,Regular,2025-03-02,2025-05-31,1.0
493,165,Off-Peak,2025-01-15,2025-03-01,0.85
494,165,Regular,2025-09-01,2025-10-31,1.0
495,165,Peak,2025-06-01,2025-08-31,1.35
496,166,Peak,2025-06-01,2025-08-31,1.35
497,166,Off-Peak,2025-11-01,2025-12-15,0.85
498,166,Holiday,2025-12-16,2026-01-15,1.6
499,167,Off-Peak,2025-01-15,2025-03-01,0.85
500,167,Peak,2025-06-01,2025-08-31,1.35
501,167,Holiday,2025-12-16,2026-01-15,1.6
502,168,Off-Peak,2025-01-15,2025-03-01,0.85
503,168,Holiday,2025-12-16,2026-01-15,1.6
504,168,Peak,2025-06-01,2025-08-31,1.35
505,169,Peak,2025-06-01,2025-08-31,1.35
506,169,Off-Peak,2025-11-01,2025-12-15,0.85
507,169,Holiday,2025-12-16,2026-01-15,1.6
508,170,Regular,2025-09-01,2025-10-31,1.0
509,170,Holiday,2025-12-16,2026-01-15,1.6
510,170,Peak,2025-06-01,2025-08-31,1.35
511,171,Off-Peak,2025-11-01,2025-12-15,0.85
512,171,Peak,2025-06-01,2025-08-31,1.35
513,171,Holiday,2025-12-16,2026-01-15,1.6
514,172,Holiday,2025-12-16,2026-01-15,1.6
515,172,Off-Peak,2025-11-01,2025-12-15,0.85
516,172,Peak,2025-06-01,2025-08-31,1.35
517,173,Peak,2025-06-01,2025-08-31,1.35
518,173,Holiday,2025-12-16,2026-01-15,1.6
519,173,Regular,2025-03-02,2025-05-31,1.0
520,174,Off-Peak,2025-11-01,2025-12-15,0.85
521,174,Regular,2025-09-01,2025-10-31,1.0
522,174,Peak,2025-06-01,2025-08-31,1.35
523,175,Regular,2025-03-02,2025-05-31,1.0
524,175,Peak,2025-06-01,2025-08-31,1.35
525,175,Off-Peak,2025-01-15,2025-03-01,0.85
526,176,Holiday,2025-12-16,2026-01-15,1.6
527,176,Regular,2025-09-01,2025-10-31,1.0
528,176,Peak,2025-06-01,2025-08-31,1.35
529,177,Peak,2025-06-01,2025-08-31,1.35
530,177,Regular,2025-03-02,2025-05-31,1.0
531,177,Holiday,2025-12-16,2026-01-15,1.6
532,178,Regular,2025-09-01,2025-10-31,1.0
533,178,Off-Peak,2025-01-15,2025-03-01,0.85
534,178,Holiday,2025-12-16,2026-01-15,1.6
535,179,Holiday,2025-12-16,2026-01-15,1.6
536,179,Regular,2025-09-01,2025-10-31,1.0
537,179,Off-Peak,2025-01-15,2025-03-01,0.85
538,180,Holiday,2025-12-16,2026-01-15,1.6
539,180,Off-Peak,2025-01-15,2025-03-01,0.85
540,180,Regular,2025-09-01,2025-10-31,1.0
541,181,Off-Peak,2025-01-15,2025-03-01,0.85
542,181,Regular,2025-09-01,2025-10-31,1.0
543,181,Peak,2025-06-01,2025-08-31,1.35
544,182,Off-Peak,2025-11-01,2025-12-15,0.85
545,182,Holiday,2025-12-16,2026-01-15,1.6
546,182,Peak,2025-06-01,2025-08-31,1.35
547,183,Peak,2025-06-01,2025-08-31,1.35
548,183,Off-Peak,2025-01-15,2025-03-01,0.85
549,183,Holiday,2025-12-16,2026-01-15,1.6
550,184,Off-Peak,2025-01-15,2025-03-01,0.85
551,184,Regular,2025-09-01,2025-10-31,1.0
552,184,Holiday,2025-12-16,2026-01-15,1.6
553,185,Off-Peak,2025-01-15,2025-03-01,0.85
554,185,Regular,2025-09-01,2025-10-31,1.0
555,185,Peak,2025-06-01,2025-08-31,1.35
556,186,Off-Peak,2025-01-15,2025-03-01,0.85
557,186,Regular,2025-09-01,2025-10-31,1.0
558,186,Holiday,2025-12-16,2026-01-15,1.6
559,187,Off-Peak,2025-11-01,2025-12-15,0.85
560,187,Holiday,2025-12-16,2026-01-15,1.6
561,187,Peak,2025-06-01,2025-08-31,1.35
562,188,Peak,2025-06-01,2025-08-31,1.35
563,188,Off-Peak,2025-11-01,2025-12-15,0.85
564,188,Regular,2025-03-02,2025-05-31,1.0
565,189,Off-Peak,2025-11-01,2025-12-15,0.85
566,189,Peak,2025-06-01,2025-08-31,1.35
567,189,Regular,2025-09-01,2025-10-31,1.0
568,190,Holiday,2025-12-16,2026-01-15,1.6
569,190,Off-Peak,2025-11-01,2025-12-15,0.85
570,190,Peak,2025-06-01,2025-08-31,1.35
571,191,Holiday,2025-12-16,2026-01-15,1.6
572,191,Peak,2025-06-01,2025-08-31,1.35
573,191,Off-Peak,2025-11-01,2025-12-15,0.85
574,192,Off-Peak,2025-01-15,2025-03-01,0.85
575,192,Peak,2025-06-01,2025-08-31,1.35
576,192,Holiday,2025-12-16,2026-01-15,1.6
577,193,Peak,2025-06-01,2025-08-31,1.35
578,193,Holiday,2025-12-16,2026-01-15,1.6
579,193,Regular,2025-09-01,2025-10-31,1.0
580,194,Holiday,2025-12-16,2026-01-15,1.6
581,194,Off-Peak,2025-11-01,2025-12-15,0.85
582,194,Peak,2025-06-01,2025-08-31,1.35
583,195,Off-Peak,2025-01-15,2025-03-01,0.85
584,195,Peak,2025-06-01,2025-08-31,1.35
585,195,Regular,2025-03-02,2025-05-31,1.0
586,196,Regular,2025-09-01,2025-10-31,1.0
587,196,Off-Peak,2025-11-01,2025-12-15,0.85
588,196,Peak,2025-06-01,2025-08-31,1.35
589,197,Regular,2025-03-02,2025-05-31,1.0
590,197,Off-Peak,2025-11-01,2025-12-15,0.85
591,197,Peak,2025-06-01,2025-08-31,1.35
592,198,Regular,2025-09-01,2025-10-31,1.0
593,198,Off-Peak,2025-11-01,2025-12-15,0.85
594,198,Holiday,2025-12-16,2026-01-15,1.6
595,199,Regular,2025-09-01,2025-10-31,1.0
596,199,Peak,2025-06-01,2025-08-31,1.35
597,199,Off-Peak,2025-01-15,2025-03-01,0.85
598,200,Holiday,2025-12-16,2026-01-15,1.6
599,200,Regular,2025-09-01,2025-10-31,1.0
600,200,Peak,2025-06-01,2025-08-31,1.35
601,201,Holiday,2025-12-16,2026-01-15,1.6
602,201,Regular,2025-03-02,2025-05-31,1.0
603,201,Off-Peak,2025-11-01,2025-12-15,0.85
604,202,Regular,2025-03-02,2025-05-31,1.0
605,202,Off-Peak,2025-01-15,2025-03-01,0.85
606,202,Peak,2025-06-01,2025-08-31,1.35
607,203,Off-Peak,2025-01-15,2025-03-01,0.85
608,203,Regular,2025-09-01,2025-10-31,1.0
609,203,Holiday,2025-12-16,2026-01-15,1.6
610,204,Regular,2025-09-01,2025-10-31,1.0
611,204,Off-Peak,2025-01-15,2025-03-01,0.85
612,204,Holiday,2025-12-16,2026-01-15,1.6
613,205,Peak,2025-06-01,2025-08-31,1.35
614,205,Regular,2025-03-02,2025-05-31,1.0
615,205,Off-Peak,2025-11-01,2025-12-15,0.85
616,206,Peak,2025-06-01,2025-08-31,1.35
617,206,Regular,2025-09-01,2025-10-31,1.0
618,206,Off-Peak,2025-11-01,2025-12-15,0.85
619,207,Regular,2025-09-01,2025-10-31,1.0
620,207,Holiday,2025-12-16,2026-01-15,1.6
621,207,Off-Peak,2025-11-01,2025-12-15,0.85
622,208,Off-Peak,2025-01-15,2025-03-01,0.85
623,208,Holiday,2025-12-16,2026-01-15,1.6
624,208,Peak,2025-06-01,2025-08-31,1.35
625,209,Holiday,2025-12-16,2026-01-15,1.6
626,209,Regular,2025-03-02,2025-05-31,1.0
627,209,Off-Peak,2025-01-15,2025-03-01,0.85
628,210,Holiday,2025-12-16,2026-01-15,1.6
629,210,Peak,2025-06-01,2025-08-31,1.35
630,210,Off-Peak,2025-11-01,2025-12-15,0.85
631,211,Holiday,2025-12-16,2026-01-15,1.6
632,211,Regular,2025-03-02,2025-05-31,1.0
633,211,Off-Peak,2025-11-01,2025-12-15,0.85
634,212,Off-Peak,2025-11-01,2025-12-15,0.85
635,212,Regular,2025-09-01,2025-10-31,1.0
636,212,Peak,2025-06-01,2025-08-31,1.35
637,213,Holiday,2025-12-16,2026-01-15,1.6
638,213,Off-Peak,2025-01-15,2025-03-01,0.85
639,213,Peak,2025-06-01,2025-08-31,1.35
640,214,Holiday,2025-12-16,2026-01-15,1.6
641,214,Off-Peak,2025-01-15,2025-03-01,0.85
642,214,Regular,2025-09-01,2025-10-31,1.0
643,215,Regular,2025-03-02,2025-05-31,1.0
644,215,Peak,2025-06-01,2025-08-31,1.35
645,215,Holiday,2025-12-16,2026-01-15,1.6
646,216,Peak,2025-06-01,2025-08-31,1.35
647,216,Holiday,2025-12-16,2026-01-15,1.6
648,216,Off-Peak,2025-11-01,2025-12-15,0.85
649,217,Off-Peak,2025-11-01,2025-12-15,0.85
650,217,Peak,2025-06-01,2025-08-31,1.35
651,217,Regular,2025-03-02,2025-05-31,1.0
652,218,Holiday,2025-12-16,2026-01-15,1.6
653,218,Regular,2025-09-01,2025-10-31,1.0
654,218,Peak,2025-06-01,2025-08-31,1.35
655,219,Holiday,2025-12-16,2026-01-15,1.6
656,219,Off-Peak,2025-01-15,2025-03-01,0.85
657,219,Peak,2025-06-01,2025-08-31,1.35
658,220,Regular,2025-09-01,2025-10-31,1.0
659,220,Peak,2025-06-01,2025-08-31,1.35
660,220,Holiday,2025-12-16,2026-01-15,1.6
661,221,Off-Peak,2025-11-01,2025-12-15,0.85
662,221,Regular,2025-09-01,2025-10-31,1.0
663,221,Peak,2025-06-01,2025-08-31,1.35
664,222,Regular,2025-09-01,2025-10-31,1.0
665,222,Off-Peak,2025-11-01,2025-12-15,0.85
666,222,Peak,2025-06-01,2025-08-31,1.35
667,223,Peak,2025-06-01,2025-08-31,1.35
668,223,Holiday,2025-12-16,2026-01-15,1.6
669,223,Regular,2025-09-01,2025-10-31,1.0
670,224,Off-Peak,2025-01-15,2025-03-01,0.85
671,224,Regular,2025-09-01,2025-10-31,1.0
672,224,Holiday,2025-12-16,2026-01-15,1.6
673,225,Peak,2025-06-01,2025-08-31,1.35
674,225,Off-Peak,2025-01-15,2025-03-01,0.85
675,225,Holiday,2025-12-16,2026-01-15,1.6
676,226,Holiday,2025-12-16,2026-01-15,1.6
677,226,Off-Peak,2025-01-15,2025-03-01,0.85
678,226,Peak,2025-06-01,2025-08-31,1.35
679,227,Off-Peak,2025-11-01,2025-12-15,0.85
680,227,Regular,2025-03-02,2025-05-31,1.0
681,227,Peak,2025-06-01,2025-08-31,1.35
682,228,Off-Peak,2025-01-15,2025-03-01,0.85
683,228,Holiday,2025-12-16,2026-01-15,1.6
684,228,Peak,2025-06-01,2025-08-31,1.35
685,229,Regular,2025-09-01,2025-10-31,1.0
686,229,Off-Peak,2025-11-01,2025-12-15,0.85
687,229,Peak,2025-06-01,2025-08-31,1.35
688,230,Regular,2025-09-01,2025-10-31,1.0
689,230,Peak,2025-06-01,2025-08-31,1.35
690,230,Off-Peak,2025-11-01,2025-12-15,0.85
691,231,Holiday,2025-12-16,2026-01-15,1.6
692,231,Off-Peak,2025-01-15,2025-03-01,0.85
693,231,Peak,2025-06-01,2025-08-31,1.35
694,232,Holiday,2025-12-16,2026-01-15,1.6
695,232,Off-Peak,2025-01-15,2025-03-01,0.85
696,232,Regular,2025-09-01,2025-10-31,1.0
697,233,Off-Peak,2025-01-15,2025-03-01,0.85
698,233,Regular,2025-09-01,2025-10-31,1.0
699,233,Holiday,2025-12-16,2026-01-15,1.6
700,234,Holiday,2025-12-16,2026-01-15,1.6
701,234,Regular,2025-09-01,2025-10-31,1.0
702,234,Peak,2025-06-01,2025-08-31,1.35
