"guest_id","full_name","booking_id","check_out_date"
452,Rebecca Bailey,45115,2025-12-31
7155,Joshua Brown,43583,2025-12-31
7378,David Gross,31245,2025-12-31
84,Allison Spencer,28354,2025-12-31
5116,William Spencer,9339,2025-12-31
5931,Mark Johnson,49618,2025-12-31
533,Mary Bray,26433,2025-12-31
5759,Dale Thompson,25126,2025-12-31
8372,Lauren Fields,44086,2025-12-31
9355,Ebony Macdonald,29069,2025-12-30
3315,Crystal Newton,35872,2025-12-30
6730,Julia Murray,45342,2025-12-30
3129,Gene Johnson,28954,2025-12-30
86,Mark Pierce,39764,2025-12-30
11,Kevin Mills,54407,2025-12-30
640,Denise Nixon,41952,2025-12-30
791,Joseph Williams,16484,2025-12-30
71,Nathan Montes,9078,2025-12-30
2275,Carol Perry,48295,2025-12-30
2844,Victoria Edwards,25633,2025-12-30
4656,Christopher Kane,33185,2025-12-30
372,Abigail Booker,17030,2025-12-30
1371,Krystal Watkins,26640,2025-12-30
7041,Manuel Lawson,21830,2025-12-30
958,Jeffrey Sloan,14351,2025-12-30
8161,Kevin Crawford,30898,2025-12-30
7657,Caleb Thompson,10825,2025-12-30
9673,Larry Leon,23182,2025-12-29
8283,Jennifer Hubbard,13262,2025-12-29
6628,Leah Johns,45335,2025-12-29
3095,Richard Chavez,23081,2025-12-29
9007,Stephanie Olson,17832,2025-12-29
2730,Joshua Moreno,49669,2025-12-29
1771,George Holland,1661,2025-12-29
9401,Sarah Griffin,5697,2025-12-29
6439,Jennifer Miller,49410,2025-12-29
1852,Dominic Bennett,53368,2025-12-29
2652,Steven Collier,5111,2025-12-29
7679,Lauren Williams,2374,2025-12-28
5016,Jessica Morales,22138,2025-12-28
8470,Craig Fletcher,27455,2025-12-28
8731,Erik Jimenez,8728,2025-12-28
8040,Tanya Long,16361,2025-12-28
444,William Jones,270,2025-12-28
9695,Joann Houston,27122,2025-12-28
9049,Mario Ramirez,15923,2025-12-28
6762,Carlos Everett,49760,2025-12-28
8095,Michelle Trevino MD,48915,2025-12-28
1667,Crystal King,936,2025-12-28
2030,Timothy Hudson,37132,2025-12-27
